study,method,bmi,trial,snr_db,respiration_true_bpm,respiration_est_bpm,respiration_abs_error_bpm,heart_true_bpm,heart_est_bpm,heart_abs_error_bpm,spatial_sinr_db
bmi_mismatch,BMI bias -8,22.0,0.0,8.0,11.740362403634913,11.69183633827762,0.048526065357293646,91.3118296690609,91.42904485418511,0.11721518512420914,5.322575846438847
bmi_mismatch,BMI bias -4,22.0,0.0,8.0,11.740362403634913,11.69183633827762,0.048526065357293646,91.3118296690609,91.42904485418511,0.11721518512420914,5.322575846438847
bmi_mismatch,BMI bias +0,22.0,0.0,8.0,11.740362403634913,11.695662275156147,0.04470012847876603,91.3118296690609,91.31413968516547,0.002310016104573265,6.429056654718045
bmi_mismatch,BMI bias +4,22.0,0.0,8.0,11.740362403634913,11.703706591603906,0.03665581203100743,91.3118296690609,91.08330067092868,0.22852899813221939,5.2813509098486024
bmi_mismatch,BMI bias +8,22.0,0.0,8.0,11.740362403634913,11.705376539303037,0.034985864331876115,91.3118296690609,91.08715037673542,0.2246792923254759,3.8879769258483794
bmi_mismatch,BMI bias -8,22.0,1.0,8.0,23.597284053492356,23.54987146755367,0.04741258593868736,94.4936807233454,94.53583455820775,0.04215383486234714,4.807391908996225
bmi_mismatch,BMI bias -4,22.0,1.0,8.0,23.597284053492356,23.54987146755367,0.04741258593868736,94.4936807233454,94.53583455820775,0.04215383486234714,4.807391908996225
bmi_mismatch,BMI bias +0,22.0,1.0,8.0,23.597284053492356,23.539200226437014,0.05808382705534143,94.4936807233454,94.54560882599274,0.05192810264733794,6.3045373728027005
bmi_mismatch,BMI bias +4,22.0,1.0,8.0,23.597284053492356,23.555069917049476,0.042214136442879635,94.4936807233454,94.39353344016895,0.1001472831764545,4.765357424773499
bmi_mismatch,BMI bias +8,22.0,1.0,8.0,23.597284053492356,23.65322076067239,0.05593670718003452,94.4936807233454,45.83365233083222,48.66002839251318,3.0448712779757385
bmi_mismatch,BMI bias -8,22.0,2.0,8.0,13.332404900697252,13.423050489625151,0.09064558892789876,85.78535892558976,85.6389249451976,0.14643398039216038,2.780705497852064
bmi_mismatch,BMI bias -4,22.0,2.0,8.0,13.332404900697252,13.423050489625151,0.09064558892789876,85.78535892558976,85.6389249451976,0.14643398039216038,2.780705497852064
bmi_mismatch,BMI bias +0,22.0,2.0,8.0,13.332404900697252,13.277144159836356,0.05526074086089672,85.78535892558976,85.76975291370864,0.01560601188111832,4.166007295751244
bmi_mismatch,BMI bias +4,22.0,2.0,8.0,13.332404900697252,13.220484244926807,0.11192065577044552,85.78535892558976,86.11529242697274,0.32993350138298183,3.0987623330085388
bmi_mismatch,BMI bias +8,22.0,2.0,8.0,13.332404900697252,13.106470603656472,0.22593429704078005,85.78535892558976,48.16366600693164,37.62169291865812,0.9893533696776496
bmi_mismatch,BMI bias -8,22.0,3.0,8.0,16.625519992398242,16.56364849562965,0.06187149676859249,57.47303656404165,57.597482525733405,0.12444596169175526,5.462781142370858
bmi_mismatch,BMI bias -4,22.0,3.0,8.0,16.625519992398242,16.56364849562965,0.06187149676859249,57.47303656404165,57.597482525733405,0.12444596169175526,5.462781142370858
bmi_mismatch,BMI bias +0,22.0,3.0,8.0,16.625519992398242,16.563562644657644,0.06195734774059858,57.47303656404165,57.468957056717585,0.00407950732406448,6.340100611540541
bmi_mismatch,BMI bias +4,22.0,3.0,8.0,16.625519992398242,16.580840132936963,0.04467985946127939,57.47303656404165,57.454458869161364,0.018577694880285378,5.294930498807304
bmi_mismatch,BMI bias +8,22.0,3.0,8.0,16.625519992398242,16.585497431626333,0.040022560771909355,57.47303656404165,57.4834672699221,0.010430705880452251,4.343573338474717
bmi_mismatch,BMI bias -8,22.0,4.0,8.0,23.117499108977363,23.08388747647819,0.03361163249917354,70.50148672201932,70.75881929845895,0.25733257643962304,4.902839790704552
bmi_mismatch,BMI bias -4,22.0,4.0,8.0,23.117499108977363,23.08388747647819,0.03361163249917354,70.50148672201932,70.75881929845895,0.25733257643962304,4.902839790704552
bmi_mismatch,BMI bias +0,22.0,4.0,8.0,23.117499108977363,23.076643422974918,0.04085568600244471,70.50148672201932,70.72443185218121,0.22294513016188944,6.463224292013061
bmi_mismatch,BMI bias +4,22.0,4.0,8.0,23.117499108977363,23.057045512817588,0.06045359615977475,70.50148672201932,70.53689474737683,0.035408025357511974,4.927031964294476
bmi_mismatch,BMI bias +8,22.0,4.0,8.0,23.117499108977363,23.175467557267954,0.05796844829059111,70.50148672201932,70.37802788323609,0.12345883878323605,2.9455951285727258
bmi_mismatch,BMI bias -8,22.0,5.0,8.0,21.00815813577817,20.96846115522916,0.039696980549010163,80.40865061898498,80.21979738715106,0.18885323183391733,5.068847475443801
bmi_mismatch,BMI bias -4,22.0,5.0,8.0,21.00815813577817,20.96846115522916,0.039696980549010163,80.40865061898498,80.21979738715106,0.18885323183391733,5.068847475443801
bmi_mismatch,BMI bias +0,22.0,5.0,8.0,21.00815813577817,20.961029743308966,0.04712839246920453,80.40865061898498,80.4112445622658,0.0025939432808144147,6.411712666435518
bmi_mismatch,BMI bias +4,22.0,5.0,8.0,21.00815813577817,20.93749942499193,0.07065871078624042,80.40865061898498,80.71765443552808,0.30900381654309683,5.0966473660388845
bmi_mismatch,BMI bias +8,22.0,5.0,8.0,21.00815813577817,20.95464041609487,0.053517719683302545,80.40865061898498,80.04606633257922,0.3625842864057631,3.358426246703692
bmi_mismatch,BMI bias -8,22.0,6.0,8.0,23.508704214004066,23.457344548483135,0.05135966552093052,72.43368483544343,72.75035265513037,0.31666781968694124,4.757180003835724
bmi_mismatch,BMI bias -4,22.0,6.0,8.0,23.508704214004066,23.457344548483135,0.05135966552093052,72.43368483544343,72.75035265513037,0.31666781968694124,4.757180003835724
bmi_mismatch,BMI bias +0,22.0,6.0,8.0,23.508704214004066,23.45426765712686,0.0544365568772065,72.43368483544343,72.40223254028312,0.031452295160306676,6.210702543300496
bmi_mismatch,BMI bias +4,22.0,6.0,8.0,23.508704214004066,23.459055418735563,0.049648795268502965,72.43368483544343,72.19645266795051,0.23723216749291964,4.699247407722162
bmi_mismatch,BMI bias +8,22.0,6.0,8.0,23.508704214004066,23.461294777839548,0.04740943616451787,72.43368483544343,72.52048747935157,0.0868026439081433,3.0817578599488273
bmi_mismatch,BMI bias -8,22.0,7.0,8.0,21.61457254690346,21.553956812638788,0.06061573426467248,97.9264823168359,97.86626337769368,0.06021893914221721,4.619312280116859
bmi_mismatch,BMI bias -4,22.0,7.0,8.0,21.61457254690346,21.553956812638788,0.06061573426467248,97.9264823168359,97.86626337769368,0.06021893914221721,4.619312280116859
bmi_mismatch,BMI bias +0,22.0,7.0,8.0,21.61457254690346,21.570088438182665,0.04448410872079478,97.9264823168359,97.86675490903679,0.059727407799115895,5.836808689691564
bmi_mismatch,BMI bias +4,22.0,7.0,8.0,21.61457254690346,21.580972467530774,0.033600079372686054,97.9264823168359,97.8049672097111,0.12151510712480729,4.699684969347348
bmi_mismatch,BMI bias +8,22.0,7.0,8.0,21.61457254690346,21.489528223036977,0.1250443238664829,97.9264823168359,50.718207387233925,47.20827492960198,3.02571143659091
bmi_mismatch,BMI bias -8,22.0,8.0,8.0,13.614796006965037,13.573207204152816,0.041588802812221104,79.90567157744336,79.85974945980709,0.04592211763626608,4.7518911032230085
bmi_mismatch,BMI bias -4,22.0,8.0,8.0,13.614796006965037,13.573207204152816,0.041588802812221104,79.90567157744336,79.85974945980709,0.04592211763626608,4.7518911032230085
bmi_mismatch,BMI bias +0,22.0,8.0,8.0,13.614796006965037,13.567820444470412,0.04697556249462487,79.90567157744336,80.0152362066149,0.10956462917154397,6.143695892981411
bmi_mismatch,BMI bias +4,22.0,8.0,8.0,13.614796006965037,13.55418093428156,0.06061507268347732,79.90567157744336,79.89629800970874,0.009373567734613175,4.8354412086631475
bmi_mismatch,BMI bias +8,22.0,8.0,8.0,13.614796006965037,13.79802048619676,0.1832244792317237,79.90567157744336,80.05485445871777,0.14918288127441315,2.955873809955709
bmi_mismatch,BMI bias -8,22.0,9.0,8.0,22.7482268717971,22.671558243636092,0.07666862816100917,87.85273801404169,87.78244802542278,0.07028998861891012,4.775958393345277
bmi_mismatch,BMI bias -4,22.0,9.0,8.0,22.7482268717971,22.671558243636092,0.07666862816100917,87.85273801404169,87.78244802542278,0.07028998861891012,4.775958393345277
bmi_mismatch,BMI bias +0,22.0,9.0,8.0,22.7482268717971,22.70452952717632,0.043697344620781564,87.85273801404169,88.00948707491816,0.15674906087646434,6.101101250941124
bmi_mismatch,BMI bias +4,22.0,9.0,8.0,22.7482268717971,22.70952631966387,0.03870055213323198,87.85273801404169,88.06108031451846,0.20834230047677238,4.852209168711165
bmi_mismatch,BMI bias +8,22.0,9.0,8.0,22.7482268717971,22.920240464146655,0.17201359234955405,87.85273801404169,88.64076697088404,0.7880289568423535,3.0620750539251307
bmi_mismatch,BMI bias -8,22.0,10.0,8.0,17.6544901036116,17.72024412456834,0.06575402095673866,72.54652459049794,72.54055499696346,0.005969593534473461,4.799932143712212
bmi_mismatch,BMI bias -4,22.0,10.0,8.0,17.6544901036116,17.72024412456834,0.06575402095673866,72.54652459049794,72.54055499696346,0.005969593534473461,4.799932143712212
bmi_mismatch,BMI bias +0,22.0,10.0,8.0,17.6544901036116,17.60737399263965,0.0471161109719489,72.54652459049794,72.67652282674743,0.12999823624949158,5.847441391557088
bmi_mismatch,BMI bias +4,22.0,10.0,8.0,17.6544901036116,17.597540447972648,0.05694965563895238,72.54652459049794,72.38717876330138,0.1593458271965602,4.801854586265283
bmi_mismatch,BMI bias +8,22.0,10.0,8.0,17.6544901036116,17.68811804137135,0.033627937759749926,72.54652459049794,50.88699584221306,21.659528748284878,3.3860054816599177
bmi_mismatch,BMI bias -8,22.0,11.0,8.0,10.837228550464761,10.790316257343989,0.04691229312077283,57.4376369485205,57.668076084074904,0.23043913555440554,4.85948460966646
bmi_mismatch,BMI bias -4,22.0,11.0,8.0,10.837228550464761,10.790316257343989,0.04691229312077283,57.4376369485205,57.668076084074904,0.23043913555440554,4.85948460966646
bmi_mismatch,BMI bias +0,22.0,11.0,8.0,10.837228550464761,10.789433173295958,0.047795377168803554,57.4376369485205,57.548020088964186,0.11038314044368747,6.417804956638207
bmi_mismatch,BMI bias +4,22.0,11.0,8.0,10.837228550464761,10.790870478699425,0.04635807176533646,57.4376369485205,57.44287943514774,0.005242486627238918,4.90675515514868
bmi_mismatch,BMI bias +8,22.0,11.0,8.0,10.837228550464761,10.65075016152645,0.18647838893831192,57.4376369485205,57.76015113094779,0.322514182427291,2.8793347366064843
bmi_mismatch,BMI bias -8,26.0,0.0,8.0,23.006602604537598,22.962209586148404,0.04439301838919363,70.43063303361622,70.65752034402728,0.22688731041105825,3.039664198510801
bmi_mismatch,BMI bias -4,26.0,0.0,8.0,23.006602604537598,22.956207126886817,0.05039547765078112,70.43063303361622,70.11671814430683,0.3139148893093875,5.705165139940065
bmi_mismatch,BMI bias +0,26.0,0.0,8.0,23.006602604537598,22.956130225524564,0.050472379013033475,70.43063303361622,70.4407934559698,0.010160422353578724,7.049854734371474
bmi_mismatch,BMI bias +4,26.0,0.0,8.0,23.006602604537598,22.956310109813668,0.05029249472393005,70.43063303361622,70.45989742740221,0.029264393785993548,6.100199945480024
bmi_mismatch,BMI bias +8,26.0,0.0,8.0,23.006602604537598,22.96036350589633,0.046239098641269294,70.43063303361622,70.55706414264415,0.12643110902793353,4.768204459376389
bmi_mismatch,BMI bias -8,26.0,1.0,8.0,24.061703201771653,24.01534450967894,0.04635869209271348,64.21094572437339,64.19455370539661,0.01639201897677367,4.244656705036558
bmi_mismatch,BMI bias -4,26.0,1.0,8.0,24.061703201771653,24.016197638536607,0.04550556323504651,64.21094572437339,64.266213135067,0.055267410693616625,5.720640035491982
bmi_mismatch,BMI bias +0,26.0,1.0,8.0,24.061703201771653,24.016168532087388,0.04553466968426534,64.21094572437339,64.24280507384151,0.03185934946812097,7.274345009876106
bmi_mismatch,BMI bias +4,26.0,1.0,8.0,24.061703201771653,24.015823265350267,0.04587993642138599,64.21094572437339,64.22167927787613,0.010733553502745963,7.193731308924493
bmi_mismatch,BMI bias +8,26.0,1.0,8.0,24.061703201771653,24.0163448443303,0.04535835744135497,64.21094572437339,64.18957891236344,0.02136681200994417,6.6253516603262295
bmi_mismatch,BMI bias -8,26.0,2.0,8.0,19.4935173682703,19.444752437154385,0.04876493111591529,59.12536801376255,59.21835087913544,0.09298286537289613,4.192775130930444
bmi_mismatch,BMI bias -4,26.0,2.0,8.0,19.4935173682703,19.45354540112015,0.0399719671501515,59.12536801376255,59.09861519473926,0.026752819023286634,6.087406077812524
bmi_mismatch,BMI bias +0,26.0,2.0,8.0,19.4935173682703,19.449242252435734,0.04427511583456578,59.12536801376255,59.016767726466824,0.10860028729572235,7.503869344932931
bmi_mismatch,BMI bias +4,26.0,2.0,8.0,19.4935173682703,19.447422832074924,0.04609453619537618,59.12536801376255,59.008479492036834,0.11688852172571274,6.91765654712544
bmi_mismatch,BMI bias +8,26.0,2.0,8.0,19.4935173682703,19.44439755447879,0.04911981379150987,59.12536801376255,59.008708514708985,0.11665949905356143,5.876118038630586
bmi_mismatch,BMI bias -8,26.0,3.0,8.0,23.380973979636845,23.35494599223796,0.02602798739888712,61.69275122682001,62.13731918290032,0.44456795608031285,2.031952919862679
bmi_mismatch,BMI bias -4,26.0,3.0,8.0,23.380973979636845,23.346662971915496,0.03431100772134954,61.69275122682001,61.63096982336791,0.06178140345209471,5.479939759990417
bmi_mismatch,BMI bias +0,26.0,3.0,8.0,23.380973979636845,23.320261133197683,0.06071284643916286,61.69275122682001,61.504134465123414,0.18861676169659347,6.786837017893226
bmi_mismatch,BMI bias +4,26.0,3.0,8.0,23.380973979636845,23.314469475437214,0.0665045041996315,61.69275122682001,61.516148380253235,0.17660284656677305,5.595660413179826
bmi_mismatch,BMI bias +8,26.0,3.0,8.0,23.380973979636845,23.31092067987466,0.07005329976218633,61.69275122682001,61.550857138720495,0.14189408809951232,4.050570811883175
bmi_mismatch,BMI bias -8,26.0,4.0,8.0,21.471779832262197,21.466510581355188,0.0052692509070091376,95.0183784746437,95.35965077079685,0.34127229615315,4.105091957218948
bmi_mismatch,BMI bias -4,26.0,4.0,8.0,21.471779832262197,21.423806807090248,0.04797302517194879,95.0183784746437,94.92123362262043,0.09714485202326273,6.151829710041975
bmi_mismatch,BMI bias +0,26.0,4.0,8.0,21.471779832262197,21.427795924177342,0.043983908084854306,95.0183784746437,95.13883230910042,0.12045383445672542,7.529273748855372
bmi_mismatch,BMI bias +4,26.0,4.0,8.0,21.471779832262197,21.42789127199428,0.04388856026791643,95.0183784746437,95.13820468031047,0.11982620566676871,7.021919344696974
bmi_mismatch,BMI bias +8,26.0,4.0,8.0,21.471779832262197,21.427471836547443,0.04430799571475319,95.0183784746437,95.13618607369727,0.1178075990535774,6.098082048560764
bmi_mismatch,BMI bias -8,26.0,5.0,8.0,12.998559258816469,12.959736302244826,0.03882295657164292,87.39431909455645,87.10360362034355,0.29071547421290234,4.579717269476814
bmi_mismatch,BMI bias -4,26.0,5.0,8.0,12.998559258816469,12.953653521956666,0.04490573685980337,87.39431909455645,87.3511717135777,0.043147380978751926,6.259104981481281
bmi_mismatch,BMI bias +0,26.0,5.0,8.0,12.998559258816469,12.940483886372915,0.058075372443553874,87.39431909455645,87.6041779929427,0.20985889838624416,7.685440728451754
bmi_mismatch,BMI bias +4,26.0,5.0,8.0,12.998559258816469,12.939433610979268,0.059125647837200646,87.39431909455645,87.61785998301602,0.2235408884595671,7.304964346844649
bmi_mismatch,BMI bias +8,26.0,5.0,8.0,12.998559258816469,13.061692903091938,0.06313364427546908,87.39431909455645,87.84137411564038,0.44705502108392636,6.451644045997411
bmi_mismatch,BMI bias -8,26.0,6.0,8.0,18.53420187981026,18.490342616259397,0.043859263550864114,64.48208239637447,64.55898257094518,0.07690017457071008,4.059223348340991
bmi_mismatch,BMI bias -4,26.0,6.0,8.0,18.53420187981026,18.484894343498393,0.04930753631186846,64.48208239637447,64.49141428808335,0.009331891708882267,6.142642682158046
bmi_mismatch,BMI bias +0,26.0,6.0,8.0,18.53420187981026,18.488803157413077,0.04539872239718434,64.48208239637447,64.44403973480607,0.03804266156839731,7.515530774890802
bmi_mismatch,BMI bias +4,26.0,6.0,8.0,18.53420187981026,18.488258434427003,0.04594344538325856,64.48208239637447,64.46251708678818,0.019565309586283774,6.9915471886265435
bmi_mismatch,BMI bias +8,26.0,6.0,8.0,18.53420187981026,18.48633539600469,0.04786648380557068,64.48208239637447,64.46068762450554,0.02139477186892691,6.055409818391983
bmi_mismatch,BMI bias -8,26.0,7.0,8.0,20.089568980062413,20.05501644198894,0.03455253807347347,81.4078185610531,81.32299951630651,0.0848190447465953,3.5884729212504767
bmi_mismatch,BMI bias -4,26.0,7.0,8.0,20.089568980062413,20.044629725264986,0.044939254797427,81.4078185610531,81.02306790828926,0.38475065276384157,5.40026546217203
bmi_mismatch,BMI bias +0,26.0,7.0,8.0,20.089568980062413,20.04998033640991,0.03958864365250392,81.4078185610531,81.12793171860974,0.2798868424433607,6.960690111188517
bmi_mismatch,BMI bias +4,26.0,7.0,8.0,20.089568980062413,20.04886040220488,0.0407085778575329,81.4078185610531,81.16424254726655,0.24357601378655147,6.335177099212533
bmi_mismatch,BMI bias +8,26.0,7.0,8.0,20.089568980062413,20.118445844798174,0.028876864735760677,81.4078185610531,81.74953117983205,0.3417126187789421,5.218277750221913
bmi_mismatch,BMI bias -8,26.0,8.0,8.0,11.385448951031723,11.345144796582973,0.040304154448749685,98.91527005159743,98.6596201188738,0.2556499327236281,2.412931877086528
bmi_mismatch,BMI bias -4,26.0,8.0,8.0,11.385448951031723,11.212087089073012,0.1733618619587105,98.91527005159743,98.83275941256423,0.08251063903320244,5.360860393978664
bmi_mismatch,BMI bias +0,26.0,8.0,8.0,11.385448951031723,11.341827861281455,0.04362108975026757,98.91527005159743,99.11150389550374,0.19623384390631315,6.782159493904979
bmi_mismatch,BMI bias +4,26.0,8.0,8.0,11.385448951031723,11.344451395253364,0.040997555778359285,98.91527005159743,99.13855726895822,0.2232872173607916,6.142615683446692
bmi_mismatch,BMI bias +8,26.0,8.0,8.0,11.385448951031723,11.340332485709295,0.04511646532242786,98.91527005159743,99.07066599781061,0.15539594621317576,5.176314144800819
bmi_mismatch,BMI bias -8,26.0,9.0,8.0,12.38488178187501,12.33077387050994,0.05410791136506887,58.27753432055798,58.36163544369391,0.08410112313593032,3.4985674572996817
bmi_mismatch,BMI bias -4,26.0,9.0,8.0,12.38488178187501,12.348984732356675,0.03589704951833461,58.27753432055798,58.06719888938232,0.21033543117566467,6.0154262950272495
bmi_mismatch,BMI bias +0,26.0,9.0,8.0,12.38488178187501,12.343802688848395,0.04107909302661383,58.27753432055798,58.09002250864175,0.1875118119162309,7.33765767203999
bmi_mismatch,BMI bias +4,26.0,9.0,8.0,12.38488178187501,12.33978621698051,0.04509556489449906,58.27753432055798,58.11786398391496,0.15967033664302477,6.546721215604445
bmi_mismatch,BMI bias +8,26.0,9.0,8.0,12.38488178187501,12.333256517251229,0.051625264623780254,58.27753432055798,58.12571944486978,0.15181487568820273,5.377818102233086
bmi_mismatch,BMI bias -8,26.0,10.0,8.0,14.054228161226797,14.016494820944544,0.03773334028225328,57.864534665158594,57.880979624809406,0.016444959650812052,4.677597944538013
bmi_mismatch,BMI bias -4,26.0,10.0,8.0,14.054228161226797,14.002785376271609,0.051442784955188614,57.864534665158594,57.84400095957506,0.020533705583531514,6.245599714807883
bmi_mismatch,BMI bias +0,26.0,10.0,8.0,14.054228161226797,14.007483133959576,0.04674502726722096,57.864534665158594,57.76890213967369,0.09563252548490198,7.695357325137916
bmi_mismatch,BMI bias +4,26.0,10.0,8.0,14.054228161226797,14.007133010492835,0.047095150733962754,57.864534665158594,57.78399131684692,0.08054334831167154,7.384758971094096
bmi_mismatch,BMI bias +8,26.0,10.0,8.0,14.054228161226797,14.009596552755884,0.04463160847091352,57.864534665158594,57.81507267110408,0.04946199405451068,6.584310379645016
bmi_mismatch,BMI bias -8,26.0,11.0,8.0,14.117635452071568,14.068177228680835,0.049458223390733025,68.62902673432043,68.47081103312847,0.15821570119196338,4.004918985432047
bmi_mismatch,BMI bias -4,26.0,11.0,8.0,14.117635452071568,14.064581470754117,0.05305398131745065,68.62902673432043,68.5426741389317,0.08635259538873186,6.0779174782633785
bmi_mismatch,BMI bias +0,26.0,11.0,8.0,14.117635452071568,14.064868092716257,0.05276735935531107,68.62902673432043,68.71444647167229,0.08541973735185593,7.459897538557928
bmi_mismatch,BMI bias +4,26.0,11.0,8.0,14.117635452071568,14.06588683630814,0.05174861576342771,68.62902673432043,68.7398876699012,0.11086093558076016,6.800276247689468
bmi_mismatch,BMI bias +8,26.0,11.0,8.0,14.117635452071568,14.0722473567572,0.04538809531436705,68.62902673432043,68.66466402545683,0.03563729113639624,5.711368748195761
bmi_mismatch,BMI bias -8,30.0,0.0,8.0,13.667650859374923,13.614261339153575,0.05338952022134791,94.34146029803543,94.29755044522123,0.04390985281419546,6.693941012890336
bmi_mismatch,BMI bias -4,30.0,0.0,8.0,13.667650859374923,13.627567082305095,0.04008377706982813,94.34146029803543,94.22266294657588,0.1187973514595484,9.262692116855506
bmi_mismatch,BMI bias +0,30.0,0.0,8.0,13.667650859374923,13.627792312792343,0.0398585465825807,94.34146029803543,94.25024011037823,0.09122018765719986,10.031481940610107
bmi_mismatch,BMI bias +4,30.0,0.0,8.0,13.667650859374923,13.62779875042121,0.03985210895371338,94.34146029803543,94.28682681097932,0.054633487056108265,9.97464545530651
bmi_mismatch,BMI bias +8,30.0,0.0,8.0,13.667650859374923,13.628285399709457,0.03936545966546667,94.34146029803543,94.25486073693597,0.08659956109946165,9.569394636098822
bmi_mismatch,BMI bias -8,30.0,1.0,8.0,21.914096401821727,21.87002657462852,0.04406982719320851,68.32196054127418,68.40669823861715,0.0847376973429732,6.811992931800623
bmi_mismatch,BMI bias -4,30.0,1.0,8.0,21.914096401821727,21.870613176868886,0.043483224952840516,68.32196054127418,68.32992557227625,0.007965031002072465,9.32872566043857
bmi_mismatch,BMI bias +0,30.0,1.0,8.0,21.914096401821727,21.8691898236222,0.04490657819952659,68.32196054127418,68.33036908731953,0.008408546045345133,9.949637621935437
bmi_mismatch,BMI bias +4,30.0,1.0,8.0,21.914096401821727,21.866742161260106,0.04735424056162074,68.32196054127418,68.32364552123107,0.0016849799568916524,9.796518294431598
bmi_mismatch,BMI bias +8,30.0,1.0,8.0,21.914096401821727,21.868513741379296,0.04558266044243098,68.32196054127418,68.34176448717008,0.01980394589590162,9.29540908583355
bmi_mismatch,BMI bias -8,30.0,2.0,8.0,21.75698375028184,21.705860953495208,0.05112279678663256,91.68577705338777,91.69889438047689,0.013117327089119613,7.040508270595121
bmi_mismatch,BMI bias -4,30.0,2.0,8.0,21.75698375028184,21.715985756823002,0.04099799345883781,91.68577705338777,91.74222048068583,0.0564434272980634,9.489303337395986
bmi_mismatch,BMI bias +0,30.0,2.0,8.0,21.75698375028184,21.715987887151094,0.0409958631307461,91.68577705338777,91.73643969009498,0.050662636707215825,9.99758075386408
bmi_mismatch,BMI bias +4,30.0,2.0,8.0,21.75698375028184,21.715514456433432,0.04146929384840803,91.68577705338777,91.73374981419188,0.0479727608041145,9.70063059128506
bmi_mismatch,BMI bias +8,30.0,2.0,8.0,21.75698375028184,21.716433511201718,0.04055023908012245,91.68577705338777,91.74517590090943,0.059398847521663356,9.115546282968445
bmi_mismatch,BMI bias -8,30.0,3.0,8.0,13.37803043153038,13.337398018030429,0.04063241349995117,94.13578660161741,94.19962881699304,0.06384221537562951,6.775665457492522
bmi_mismatch,BMI bias -4,30.0,3.0,8.0,13.37803043153038,13.329478881162819,0.04855155036756109,94.13578660161741,94.0978914157256,0.037895185891812844,9.216867740363952
bmi_mismatch,BMI bias +0,30.0,3.0,8.0,13.37803043153038,13.329581676440851,0.04844875508952917,94.13578660161741,94.07667140187002,0.059115199747395764,9.559333464489804
bmi_mismatch,BMI bias +4,30.0,3.0,8.0,13.37803043153038,13.330627831038312,0.04740260049206846,94.13578660161741,94.0440503047094,0.09173629690801022,9.210774899246807
bmi_mismatch,BMI bias +8,30.0,3.0,8.0,13.37803043153038,13.33007230302394,0.047958128506440545,94.13578660161741,94.05110039602815,0.08468620558926432,8.523896643248799
bmi_mismatch,BMI bias -8,30.0,4.0,8.0,18.331209082907655,18.292231659329303,0.03897742357835199,86.5474373239918,86.42437441736277,0.12306290662903052,7.064751643870429
bmi_mismatch,BMI bias -4,30.0,4.0,8.0,18.331209082907655,18.2829990903408,0.04820999256685354,86.5474373239918,86.56423263833352,0.01679531434172077,9.546030605800826
bmi_mismatch,BMI bias +0,30.0,4.0,8.0,18.331209082907655,18.281699101003305,0.0495099819043503,86.5474373239918,86.5679791421364,0.02054181814459355,10.148156466463757
bmi_mismatch,BMI bias +4,30.0,4.0,8.0,18.331209082907655,18.28009250860069,0.05111657430696681,86.5474373239918,86.58022595354942,0.03278862955761497,9.908391638475857
bmi_mismatch,BMI bias +8,30.0,4.0,8.0,18.331209082907655,18.281062469028985,0.050146613878670365,86.5474373239918,86.55705116985634,0.00961384586453562,9.387725538584792
bmi_mismatch,BMI bias -8,30.0,5.0,8.0,18.72063107379527,18.675969135433146,0.0446619383621254,81.32385073956077,81.27494035385774,0.04891038570302442,6.94985886118568
bmi_mismatch,BMI bias -4,30.0,5.0,8.0,18.72063107379527,18.67291114669452,0.04771992710075068,81.32385073956077,81.28298661520822,0.04086412435255227,9.454741600728243
bmi_mismatch,BMI bias +0,30.0,5.0,8.0,18.72063107379527,18.673182421196945,0.047448652598326646,81.32385073956077,81.29814575226864,0.02570498729213,10.028566455021842
bmi_mismatch,BMI bias +4,30.0,5.0,8.0,18.72063107379527,18.673225850203018,0.04740522359225352,81.32385073956077,81.31561720318234,0.00823353637842672,9.724514051875138
bmi_mismatch,BMI bias +8,30.0,5.0,8.0,18.72063107379527,18.67334002034365,0.04729105345161955,81.32385073956077,81.30278816873744,0.021062570823332294,9.168690164804385
bmi_mismatch,BMI bias -8,30.0,6.0,8.0,16.413059120412893,16.36600792565017,0.047051194762723014,61.241083543706864,61.22313867627391,0.017944867432952094,6.794869950454593
bmi_mismatch,BMI bias -4,30.0,6.0,8.0,16.413059120412893,16.36121319630034,0.051845924112551955,61.241083543706864,61.29394894714254,0.05286540343567481,9.275720050129832
bmi_mismatch,BMI bias +0,30.0,6.0,8.0,16.413059120412893,16.361784928238418,0.05127419217447482,61.241083543706864,61.310740593731715,0.06965705002485123,9.744099516703377
bmi_mismatch,BMI bias +4,30.0,6.0,8.0,16.413059120412893,16.36340932283764,0.04964979757525256,61.241083543706864,61.33199117455065,0.0909076308437875,9.492337622318386
bmi_mismatch,BMI bias +8,30.0,6.0,8.0,16.413059120412893,16.36163648539932,0.051422635013572915,61.241083543706864,61.330412360300066,0.08932881659320202,8.890297812039352
bmi_mismatch,BMI bias -8,30.0,7.0,8.0,12.13479553392801,12.116008855713295,0.018786678214715025,63.24702434221521,63.338526791928004,0.09150244971279164,6.979606177961953
bmi_mismatch,BMI bias -4,30.0,7.0,8.0,12.13479553392801,12.097678156212465,0.037117377715544464,63.24702434221521,63.24529954608922,0.0017247961259911904,9.507692741070539
bmi_mismatch,BMI bias +0,30.0,7.0,8.0,12.13479553392801,12.092722470578007,0.042073063350002826,63.24702434221521,63.246834906537934,0.00018943567727802701,10.153564372025457
bmi_mismatch,BMI bias +4,30.0,7.0,8.0,12.13479553392801,12.09116327233154,0.04363226159646949,63.24702434221521,63.24117023414546,0.005854108069755171,9.896884254383544
bmi_mismatch,BMI bias +8,30.0,7.0,8.0,12.13479553392801,12.089979170810045,0.044816363117965,63.24702434221521,63.253098397138324,0.006074054923111305,9.395918393539606
bmi_mismatch,BMI bias -8,30.0,8.0,8.0,18.666971132875723,18.621955086290686,0.04501604658503666,59.70726885817756,59.6799294757793,0.027339382398253065,6.791795386548315
bmi_mismatch,BMI bias -4,30.0,8.0,8.0,18.666971132875723,18.61656258715643,0.050408545719292874,59.70726885817756,59.81985803392612,0.11258917574856042,9.31179238617607
bmi_mismatch,BMI bias +0,30.0,8.0,8.0,18.666971132875723,18.616019108112138,0.05095202476358551,59.70726885817756,59.80639257435055,0.09912371617298987,9.931776971976339
bmi_mismatch,BMI bias +4,30.0,8.0,8.0,18.666971132875723,18.61584874981446,0.051122383061262155,59.70726885817756,59.78204770744876,0.0747788492712047,9.780951467878339
bmi_mismatch,BMI bias +8,30.0,8.0,8.0,18.666971132875723,18.615668079555803,0.05130305331991991,59.70726885817756,59.80458955343038,0.09732069525282583,9.279141272319166
bmi_mismatch,BMI bias -8,30.0,9.0,8.0,15.106413214394923,15.058693368949573,0.04771984544535002,85.62437768154767,85.59654669595196,0.027830985595713287,6.935716192288114
bmi_mismatch,BMI bias -4,30.0,9.0,8.0,15.106413214394923,15.057301756318253,0.049111458076669834,85.62437768154767,85.63835928068603,0.013981599138361389,9.457004725289034
bmi_mismatch,BMI bias +0,30.0,9.0,8.0,15.106413214394923,15.05784799263686,0.04856522175806255,85.62437768154767,85.64428215369456,0.01990447214689084,10.162528488140438
bmi_mismatch,BMI bias +4,30.0,9.0,8.0,15.106413214394923,15.057828032665995,0.048585181728928006,85.62437768154767,85.64488597997251,0.020508298424843474,10.027716708483386
bmi_mismatch,BMI bias +8,30.0,9.0,8.0,15.106413214394923,15.058548050011463,0.04786516438345956,85.62437768154767,85.64311133192399,0.018733650376319133,9.581987214214374
bmi_mismatch,BMI bias -8,30.0,10.0,8.0,21.441418571356834,21.392667582510434,0.04875098884640039,88.9927339535268,89.37422608879474,0.3814921352679477,6.937266746843526
bmi_mismatch,BMI bias -4,30.0,10.0,8.0,21.441418571356834,21.38930438395772,0.052114187399112666,88.9927339535268,89.0358244421361,0.043090488609308863,9.373931541906602
bmi_mismatch,BMI bias +0,30.0,10.0,8.0,21.441418571356834,21.39068231385274,0.05073625750409505,88.9927339535268,88.96978344344252,0.022950510084271514,9.802980694811758
bmi_mismatch,BMI bias +4,30.0,10.0,8.0,21.441418571356834,21.39196828708426,0.0494502842725737,88.9927339535268,88.93538863162972,0.057345321897074086,9.4955259887166
bmi_mismatch,BMI bias +8,30.0,10.0,8.0,21.441418571356834,21.391257486456734,0.050161084900100406,88.9927339535268,88.91426589668232,0.07846805684447133,8.86570029569911
bmi_mismatch,BMI bias -8,30.0,11.0,8.0,21.827361202685168,21.78084782362961,0.046513379055557635,70.04464305106119,70.13442988793264,0.08978683687145406,6.8882220406525505
bmi_mismatch,BMI bias -4,30.0,11.0,8.0,21.827361202685168,21.77549272270156,0.05186847998360733,70.04464305106119,70.05368285777348,0.009039806712294762,9.36051147208604
bmi_mismatch,BMI bias +0,30.0,11.0,8.0,21.827361202685168,21.776207427266858,0.05115377541831023,70.04464305106119,70.04134813539027,0.0032949156709207728,9.864334267657973
bmi_mismatch,BMI bias +4,30.0,11.0,8.0,21.827361202685168,21.77742836370105,0.0499328389841196,70.04464305106119,70.02249564760483,0.02214740345635846,9.62432054984318
bmi_mismatch,BMI bias +8,30.0,11.0,8.0,21.827361202685168,21.77607244527709,0.051288757408077146,70.04464305106119,70.02980989226565,0.014833158795539703,9.045888000221439
bmi_mismatch,BMI bias -8,34.0,0.0,8.0,18.85033084729992,18.79969421918098,0.05063662811893721,65.18430131203556,65.32015163825737,0.1358503262218136,9.775086844719166
bmi_mismatch,BMI bias -4,34.0,0.0,8.0,18.85033084729992,18.800268058151808,0.05006278914811091,65.18430131203556,65.25884711679886,0.07454580476330364,10.921824034006262
bmi_mismatch,BMI bias +0,34.0,0.0,8.0,18.85033084729992,18.800776862584364,0.04955398471555483,65.18430131203556,65.22461344318862,0.04031213115305832,11.198717662741192
bmi_mismatch,BMI bias +4,34.0,0.0,8.0,18.85033084729992,18.800393886739215,0.049936960560703625,65.18430131203556,65.24308665428987,0.058785342254310535,10.988495562958754
bmi_mismatch,BMI bias +8,34.0,0.0,8.0,18.85033084729992,18.800393886739215,0.049936960560703625,65.18430131203556,65.24308665428987,0.058785342254310535,10.988495562958754
bmi_mismatch,BMI bias -8,34.0,1.0,8.0,18.354529611476888,18.305554401895378,0.048975209581509915,92.94956560765901,92.9518589169845,0.0022933093254948744,9.761982078806428
bmi_mismatch,BMI bias -4,34.0,1.0,8.0,18.354529611476888,18.306703881761475,0.04782572971541299,92.94956560765901,92.96540325922038,0.015837651561369626,10.72592121389537
bmi_mismatch,BMI bias +0,34.0,1.0,8.0,18.354529611476888,18.30817180217283,0.04635780930405886,92.94956560765901,92.98437833639419,0.034812728735175824,10.834965104014458
bmi_mismatch,BMI bias +4,34.0,1.0,8.0,18.354529611476888,18.307221864593757,0.04730774688313133,92.94956560765901,92.97259715471547,0.023031547056461932,10.526660695251502
bmi_mismatch,BMI bias +8,34.0,1.0,8.0,18.354529611476888,18.307221864593757,0.04730774688313133,92.94956560765901,92.97259715471547,0.023031547056461932,10.526660695251502
bmi_mismatch,BMI bias -8,34.0,2.0,8.0,21.874579916653165,21.826334720594726,0.048245196058438466,76.36431387163107,76.42635902601438,0.062045154383312706,9.929725627792628
bmi_mismatch,BMI bias -4,34.0,2.0,8.0,21.874579916653165,21.82791551211696,0.04666440453620524,76.36431387163107,76.3873041771295,0.022990305498424846,11.241267465767102
bmi_mismatch,BMI bias +0,34.0,2.0,8.0,21.874579916653165,21.829590506950403,0.04498940970276166,76.36431387163107,76.38734011880038,0.02302624716931234,11.593251539510636
bmi_mismatch,BMI bias +4,34.0,2.0,8.0,21.874579916653165,21.828647245517693,0.04593267113547128,76.36431387163107,76.36987123864151,0.005557367010439407,11.478539960239509
bmi_mismatch,BMI bias +8,34.0,2.0,8.0,21.874579916653165,21.828647245517693,0.04593267113547128,76.36431387163107,76.36987123864151,0.005557367010439407,11.478539960239509
bmi_mismatch,BMI bias -8,34.0,3.0,8.0,19.77190522131183,19.733410911926097,0.03849430938573306,57.72009051666976,57.72472151368392,0.004630997014160698,10.131664693760333
bmi_mismatch,BMI bias -4,34.0,3.0,8.0,19.77190522131183,19.73174241424552,0.04016280706630937,57.72009051666976,57.70594570809601,0.014144808573746559,11.391098085032784
bmi_mismatch,BMI bias +0,34.0,3.0,8.0,19.77190522131183,19.73015326434951,0.041751956962318815,57.72009051666976,57.69508526082947,0.025005255840284235,11.671477610458767
bmi_mismatch,BMI bias +4,34.0,3.0,8.0,19.77190522131183,19.73152611883713,0.04037910247469867,57.72009051666976,57.70231716420628,0.017773352463478886,11.527691919614984
bmi_mismatch,BMI bias +8,34.0,3.0,8.0,19.77190522131183,19.73152611883713,0.04037910247469867,57.72009051666976,57.70231716420628,0.017773352463478886,11.527691919614984
bmi_mismatch,BMI bias -8,34.0,4.0,8.0,23.39390956921765,23.341020497098953,0.052889072118698977,63.63026184463805,63.6260995661056,0.004162278532447772,10.098530071111032
bmi_mismatch,BMI bias -4,34.0,4.0,8.0,23.39390956921765,23.340740451460007,0.0531691177576441,63.63026184463805,63.632069751193264,0.0018079065552143447,11.173448517482623
bmi_mismatch,BMI bias +0,34.0,4.0,8.0,23.39390956921765,23.34118371341502,0.052725855802631116,63.63026184463805,63.64012500068065,0.009863156042598575,11.312195384510936
bmi_mismatch,BMI bias +4,34.0,4.0,8.0,23.39390956921765,23.34056471688183,0.053344852335822424,63.63026184463805,63.631767954190536,0.0015061095524870893,11.056301959455968
bmi_mismatch,BMI bias +8,34.0,4.0,8.0,23.39390956921765,23.34056471688183,0.053344852335822424,63.63026184463805,63.631767954190536,0.0015061095524870893,11.056301959455968
bmi_mismatch,BMI bias -8,34.0,5.0,8.0,21.75812948357476,21.710133844377477,0.047995639197282,84.49664728033791,84.63430806455175,0.13766078421383554,10.125914289441027
bmi_mismatch,BMI bias -4,34.0,5.0,8.0,21.75812948357476,21.710316524849482,0.047812958725277355,84.49664728033791,84.62274128702808,0.1260940066901668,11.250883282986695
bmi_mismatch,BMI bias +0,34.0,5.0,8.0,21.75812948357476,21.710257602886763,0.04787188068799608,84.49664728033791,84.64454248952805,0.1478952091901391,11.44605235582368
bmi_mismatch,BMI bias +4,34.0,5.0,8.0,21.75812948357476,21.710349018475263,0.04778046509949618,84.49664728033791,84.62343250917496,0.12678522883705057,11.222798965259049
bmi_mismatch,BMI bias +8,34.0,5.0,8.0,21.75812948357476,21.710349018475263,0.04778046509949618,84.49664728033791,84.62343250917496,0.12678522883705057,11.222798965259049
bmi_mismatch,BMI bias -8,34.0,6.0,8.0,15.829723287359217,15.785321664097312,0.04440162326190489,90.21353240596791,90.10234451388587,0.11118789208204305,9.796319236777581
bmi_mismatch,BMI bias -4,34.0,6.0,8.0,15.829723287359217,15.784082956553982,0.04564033080523444,90.21353240596791,90.0859526390648,0.12757976690311068,11.154853499833052
bmi_mismatch,BMI bias +0,34.0,6.0,8.0,15.829723287359217,15.78269727171241,0.047026015646807195,90.21353240596791,90.07726838675903,0.13626401920888043,11.55262362693614
bmi_mismatch,BMI bias +4,34.0,6.0,8.0,15.829723287359217,15.783327543804683,0.04639574355453391,90.21353240596791,90.0661281763335,0.1474042296344038,11.463170316131624
bmi_mismatch,BMI bias +8,34.0,6.0,8.0,15.829723287359217,15.783327543804683,0.04639574355453391,90.21353240596791,90.0661281763335,0.1474042296344038,11.463170316131624
bmi_mismatch,BMI bias -8,34.0,7.0,8.0,14.992811761956661,14.938606704948441,0.05420505700821998,68.50476505134064,68.50515136979864,0.0003863184579984136,7.45841419533276
bmi_mismatch,BMI bias -4,34.0,7.0,8.0,14.992811761956661,14.941436482402766,0.05137527955389487,68.50476505134064,68.51240314049109,0.007638089150447058,9.774775530332846
bmi_mismatch,BMI bias +0,34.0,7.0,8.0,14.992811761956661,14.943854565414624,0.04895719654203745,68.50476505134064,68.52004570372156,0.015280652380923243,10.777123409527725
bmi_mismatch,BMI bias +4,34.0,7.0,8.0,14.992811761956661,14.942245250027991,0.05056651192867001,68.50476505134064,68.49477258989131,0.009992461449328971,11.209433200855099
bmi_mismatch,BMI bias +8,34.0,7.0,8.0,14.992811761956661,14.942245250027991,0.05056651192867001,68.50476505134064,68.49477258989131,0.009992461449328971,11.209433200855099
bmi_mismatch,BMI bias -8,34.0,8.0,8.0,15.827239947101077,15.78653654791989,0.040703399181186484,63.34530690745765,63.28667768004274,0.058629227414904506,10.053974635144652
bmi_mismatch,BMI bias -4,34.0,8.0,8.0,15.827239947101077,15.786113419343268,0.04112652775780923,63.34530690745765,63.32262603287431,0.022680874583336674,11.300289646102385
bmi_mismatch,BMI bias +0,34.0,8.0,8.0,15.827239947101077,15.786206604021714,0.041033343079362794,63.34530690745765,63.35205711268335,0.006750205225699801,11.594117166444132
bmi_mismatch,BMI bias +4,34.0,8.0,8.0,15.827239947101077,15.78548289280144,0.041757054299637275,63.34530690745765,63.35202616950318,0.0067192620455358565,11.442382558685267
bmi_mismatch,BMI bias +8,34.0,8.0,8.0,15.827239947101077,15.78548289280144,0.041757054299637275,63.34530690745765,63.35202616950318,0.0067192620455358565,11.442382558685267
bmi_mismatch,BMI bias -8,34.0,9.0,8.0,20.554675954036288,20.510659103512463,0.04401685052382476,61.167112192315635,61.29743951625236,0.13032732393672575,9.953163965830695
bmi_mismatch,BMI bias -4,34.0,9.0,8.0,20.554675954036288,20.510413771106577,0.04426218292971029,61.167112192315635,61.30820783499728,0.14109564268164831,11.129460810149794
bmi_mismatch,BMI bias +0,34.0,9.0,8.0,20.554675954036288,20.510098394199566,0.04457755983672129,61.167112192315635,61.294527678364275,0.1274154860486405,11.400245101523863
bmi_mismatch,BMI bias +4,34.0,9.0,8.0,20.554675954036288,20.510381047050437,0.0442949069858507,61.167112192315635,61.32167271666147,0.15456052434583256,11.207884554251761
bmi_mismatch,BMI bias +8,34.0,9.0,8.0,20.554675954036288,20.510381047050437,0.0442949069858507,61.167112192315635,61.32167271666147,0.15456052434583256,11.207884554251761
bmi_mismatch,BMI bias -8,34.0,10.0,8.0,15.346150437355984,15.30665776279836,0.039492674557623175,82.09880976443411,82.11667583605409,0.01786607161997722,9.550916995734655
bmi_mismatch,BMI bias -4,34.0,10.0,8.0,15.346150437355984,15.305911896832155,0.0402385405238288,82.09880976443411,82.11397147049975,0.015161706065640601,10.933623996288617
bmi_mismatch,BMI bias +0,34.0,10.0,8.0,15.346150437355984,15.305252417028438,0.04089802032754619,82.09880976443411,82.14304708918733,0.04423732475322595,11.377813039438127
bmi_mismatch,BMI bias +4,34.0,10.0,8.0,15.346150437355984,15.305236516325891,0.04091392103009284,82.09880976443411,82.12213540055811,0.023325636123999516,11.296964706782857
bmi_mismatch,BMI bias +8,34.0,10.0,8.0,15.346150437355984,15.305236516325891,0.04091392103009284,82.09880976443411,82.12213540055811,0.023325636123999516,11.296964706782857
bmi_mismatch,BMI bias -8,34.0,11.0,8.0,18.21964557940464,18.177862798882572,0.04178278052206963,92.89913163667207,92.82631161116383,0.07282002550823563,9.6027721032714
bmi_mismatch,BMI bias -4,34.0,11.0,8.0,18.21964557940464,18.176485136381302,0.04316044302333921,92.89913163667207,92.88139499165378,0.017736645018288755,11.070057317759058
bmi_mismatch,BMI bias +0,34.0,11.0,8.0,18.21964557940464,18.174783655894842,0.04486192350979934,92.89913163667207,92.90618958986107,0.0070579531890047065,11.547696264602958
bmi_mismatch,BMI bias +4,34.0,11.0,8.0,18.21964557940464,18.176360286292077,0.04328529311256446,92.89913163667207,92.89055841673233,0.008573219939734145,11.518202448657739
bmi_mismatch,BMI bias +8,34.0,11.0,8.0,18.21964557940464,18.176360286292077,0.04328529311256446,92.89913163667207,92.89055841673233,0.008573219939734145,11.518202448657739
