method,bmi,trial,snr_db,respiration_true_bpm,respiration_est_bpm,respiration_abs_error_bpm,heart_true_bpm,heart_est_bpm,heart_abs_error_bpm,spatial_sinr_db
No intelligent surface,18.0,0.0,8.0,21.159264461284803,9.086682681230489,12.072581780054314,59.735361811458816,54.95720985233575,4.778151959123065,-7.597767176347896
Digital MVDR array (BMI-adaptive),18.0,0.0,8.0,21.159264461284803,21.11330260701462,0.045961854270181846,59.735361811458816,59.64457026978759,0.09079154167122283,9.158111095910744
1-layer RIS (BMI-adaptive),18.0,0.0,8.0,21.159264461284803,21.10587897110543,0.05338549017937311,59.735361811458816,59.68524790481357,0.050113906645243844,5.369894689942707
3-layer SIM (universal),18.0,0.0,8.0,21.159264461284803,21.110623929617116,0.04864053166768656,59.735361811458816,59.738414629899495,0.0030528184406790615,7.777472594456936
3-layer SIM (BMI-adaptive),18.0,0.0,8.0,21.159264461284803,21.110535412229687,0.048729049055115325,59.735361811458816,59.73507094697859,0.0002908644802275262,9.090330772440604
No intelligent surface,18.0,1.0,8.0,18.44611027672891,7.560631481452903,10.885478795276006,79.18318152669026,56.18278798391016,23.000393542780103,-7.59822820448111
Digital MVDR array (BMI-adaptive),18.0,1.0,8.0,18.44611027672891,18.391523963685863,0.054586313043046175,79.18318152669026,79.21936383111746,0.03618230442720005,8.527183991159173
1-layer RIS (BMI-adaptive),18.0,1.0,8.0,18.44611027672891,18.41643336024384,0.029676916485069427,79.18318152669026,78.90949942712068,0.27368209956958367,5.256180488425121
3-layer SIM (universal),18.0,1.0,8.0,18.44611027672891,18.395165994278493,0.05094428245041627,79.18318152669026,79.1599002123562,0.023281314334056447,7.059178575256312
3-layer SIM (BMI-adaptive),18.0,1.0,8.0,18.44611027672891,18.408725403613428,0.037384873115481554,79.18318152669026,79.00985859021506,0.17332293647520203,8.70915323753644
No intelligent surface,18.0,2.0,8.0,12.92909408792228,12.501390221604849,0.4277038663174313,80.92070941431555,50.64488156450424,30.275827849811314,-7.597837401702256
Digital MVDR array (BMI-adaptive),18.0,2.0,8.0,12.92909408792228,12.886640841302658,0.042453246619622576,80.92070941431555,80.91340703280136,0.007302381514193712,9.223324576895294
1-layer RIS (BMI-adaptive),18.0,2.0,8.0,12.92909408792228,12.878398235858281,0.05069585206399907,80.92070941431555,80.94168641371287,0.020976999397319673,5.462437041931651
3-layer SIM (universal),18.0,2.0,8.0,12.92909408792228,12.889324122905087,0.03976996501719299,80.92070941431555,80.94105754134372,0.020348127028171348,7.9698997790344634
3-layer SIM (BMI-adaptive),18.0,2.0,8.0,12.92909408792228,12.879577425350254,0.04951666257202625,80.92070941431555,80.90432392475259,0.01638548956296404,9.261758456157862
No intelligent surface,18.0,3.0,8.0,19.865788130163068,20.066509555246554,0.20072142508348634,98.30594840344813,62.02741156992451,36.27853683352362,-7.597884489430335
Digital MVDR array (BMI-adaptive),18.0,3.0,8.0,19.865788130163068,19.812402292013953,0.05338583814911502,98.30594840344813,98.43210412148092,0.12615571803279124,8.872543592323703
1-layer RIS (BMI-adaptive),18.0,3.0,8.0,19.865788130163068,19.826936767877044,0.03885136228602448,98.30594840344813,98.21911549393455,0.08683290951357492,5.34067170581975
3-layer SIM (universal),18.0,3.0,8.0,19.865788130163068,19.80868933398273,0.05709879618033753,98.30594840344813,98.44295265001553,0.1370042465674004,7.1727191193109014
3-layer SIM (BMI-adaptive),18.0,3.0,8.0,19.865788130163068,19.825332532892546,0.0404555972705225,98.30594840344813,98.19397028475224,0.11197811869588747,8.783479725538955
No intelligent surface,18.0,4.0,8.0,22.1700539030428,7.2988401746668075,14.871213728375992,64.44913922051158,70.30638990359067,5.857250683079087,-7.597809905229365
Digital MVDR array (BMI-adaptive),18.0,4.0,8.0,22.1700539030428,22.11322832552868,0.05682557751411821,64.44913922051158,64.3643801154902,0.08475910502137651,9.23832897911767
1-layer RIS (BMI-adaptive),18.0,4.0,8.0,22.1700539030428,22.131824477054643,0.03822942598815615,64.44913922051158,64.48843863072139,0.039299410209807206,5.414968932510769
3-layer SIM (universal),18.0,4.0,8.0,22.1700539030428,22.114438581250784,0.05561532179201478,64.44913922051158,64.38832086920993,0.06081835130164848,8.034701945313106
3-layer SIM (BMI-adaptive),18.0,4.0,8.0,22.1700539030428,22.12783199311351,0.04222190992928887,64.44913922051158,64.45977513256524,0.010635912053658103,9.270730601947353
No intelligent surface,18.0,5.0,8.0,18.760819124588,6.690922256915188,12.069896867672812,71.87384960031594,68.13721778671851,3.736631813597427,-7.59815776456961
Digital MVDR array (BMI-adaptive),18.0,5.0,8.0,18.760819124588,18.71155011173117,0.049269012856829164,71.87384960031594,71.80527370475528,0.06857589556065591,8.692918986947998
1-layer RIS (BMI-adaptive),18.0,5.0,8.0,18.760819124588,18.71301013294164,0.047808991646359544,71.87384960031594,71.83199670851563,0.04185289180030338,5.320169551579859
3-layer SIM (universal),18.0,5.0,8.0,18.760819124588,18.71305986542042,0.047759259167580836,71.87384960031594,71.746308206926,0.12754139338993298,7.298593620730233
3-layer SIM (BMI-adaptive),18.0,5.0,8.0,18.760819124588,18.7089857705989,0.051833353989099606,71.87384960031594,71.94925607676223,0.07540647644628962,8.861676491214439
No intelligent surface,18.0,6.0,8.0,21.36909420852346,21.533358213194315,0.164264004670855,97.49066898737419,71.52488346631786,25.965785521056333,-7.597935589668997
Digital MVDR array (BMI-adaptive),18.0,6.0,8.0,21.36909420852346,21.31819772687114,0.050896481652319636,97.49066898737419,97.42055939099035,0.07010959638384406,8.872567761007591
1-layer RIS (BMI-adaptive),18.0,6.0,8.0,21.36909420852346,21.325570293882734,0.04352391464072625,97.49066898737419,97.79498323546643,0.30431424809223984,5.385817861130776
3-layer SIM (universal),18.0,6.0,8.0,21.36909420852346,21.311243564599174,0.057850643924286516,97.49066898737419,97.34899646181378,0.1416725255604092,7.223051245596257
3-layer SIM (BMI-adaptive),18.0,6.0,8.0,21.36909420852346,21.324377269931098,0.044716938592362254,97.49066898737419,97.57014747551337,0.07947848813917346,8.839079150901576
No intelligent surface,18.0,7.0,8.0,22.97503872164525,8.509215893092824,14.465822828552428,91.53640502491088,52.95665948160782,38.579745543303055,-7.597761522575989
Digital MVDR array (BMI-adaptive),18.0,7.0,8.0,22.97503872164525,22.924124211454753,0.05091451019049842,91.53640502491088,91.4605991862279,0.07580583868298163,9.161293389365946
1-layer RIS (BMI-adaptive),18.0,7.0,8.0,22.97503872164525,22.928443559998392,0.046595161646859395,91.53640502491088,91.55758245021883,0.021177425307953968,5.349404200466341
3-layer SIM (universal),18.0,7.0,8.0,22.97503872164525,22.919863139081784,0.055175582563467884,91.53640502491088,91.41510503483173,0.1212999900791516,7.811678904285314
3-layer SIM (BMI-adaptive),18.0,7.0,8.0,22.97503872164525,22.931825881327807,0.043212840317444545,91.53640502491088,91.5331110797036,0.0032939452072753284,9.096802327133055
No intelligent surface,18.0,8.0,8.0,17.871234173123664,4.131406393542025,13.739827779581638,68.59307993888818,54.942033223860314,13.651046715027867,-7.597797355541754
Digital MVDR array (BMI-adaptive),18.0,8.0,8.0,17.871234173123664,17.814432658309702,0.05680151481396223,68.59307993888818,68.57844634619288,0.014633592695304287,9.123245467483104
1-layer RIS (BMI-adaptive),18.0,8.0,8.0,17.871234173123664,17.82583933603253,0.04539483709113412,68.59307993888818,68.95870361406335,0.365623675175172,5.405262902089021
3-layer SIM (universal),18.0,8.0,8.0,17.871234173123664,17.811230157097647,0.060004016026017126,68.59307993888818,68.56698530235501,0.026094636533173343,7.671547935905579
3-layer SIM (BMI-adaptive),18.0,8.0,8.0,17.871234173123664,17.829965216541662,0.04126895658200169,68.59307993888818,68.89647163596415,0.30339169707596625,9.058911059039294
No intelligent surface,18.0,9.0,8.0,19.15162092095904,19.070125988093505,0.08149493286553522,87.80761194130714,62.2968557797751,25.510756161532044,-7.597824556833062
Digital MVDR array (BMI-adaptive),18.0,9.0,8.0,19.15162092095904,19.1168499068095,0.0347710141495412,87.80761194130714,87.77711654096794,0.030495400339205503,7.9646575603477965
1-layer RIS (BMI-adaptive),18.0,9.0,8.0,19.15162092095904,19.135500587537436,0.016120333421604016,87.80761194130714,87.53264812586417,0.2749638154429732,4.2065451160589085
3-layer SIM (universal),18.0,9.0,8.0,19.15162092095904,19.116537873793533,0.03508304716550725,87.80761194130714,87.90244345049518,0.09483150918804029,6.0178530591626975
3-layer SIM (BMI-adaptive),18.0,9.0,8.0,19.15162092095904,19.094324941002,0.05729597995703983,87.80761194130714,87.7276904459048,0.0799214954023455,7.517988305916397
No intelligent surface,22.0,0.0,8.0,22.169440320006846,9.331982033198072,12.837458286808774,76.60438288260809,58.35231843029514,18.25206445231295,-7.543754515855713
Digital MVDR array (BMI-adaptive),22.0,0.0,8.0,22.169440320006846,22.133586425143136,0.03585389486370971,76.60438288260809,76.55703406079752,0.04734882181057287,6.502913405022966
1-layer RIS (BMI-adaptive),22.0,0.0,8.0,22.169440320006846,22.120517262160185,0.04892305784666107,76.60438288260809,76.46823979961252,0.13614308299557365,3.740149123563146
3-layer SIM (universal),22.0,0.0,8.0,22.169440320006846,22.05919138850134,0.11024893150550596,76.60438288260809,76.78146915783178,0.17708627522368658,5.24118583859161
3-layer SIM (BMI-adaptive),22.0,0.0,8.0,22.169440320006846,22.117340434105415,0.052099885901430554,76.60438288260809,76.5209667819227,0.08341610068539751,6.54792737629532
No intelligent surface,22.0,1.0,8.0,19.77845811260413,19.492073609168834,0.286384503435297,96.54647752178997,58.24926258168667,38.297214940103295,-7.544297425562255
Digital MVDR array (BMI-adaptive),22.0,1.0,8.0,19.77845811260413,19.72367955831303,0.05477855429110079,96.54647752178997,96.6015722282461,0.05509470645613135,5.948852381322616
1-layer RIS (BMI-adaptive),22.0,1.0,8.0,19.77845811260413,19.739884139444072,0.03857397316005873,96.54647752178997,96.61679401950919,0.07031649771921877,3.6233091515712372
3-layer SIM (universal),22.0,1.0,8.0,19.77845811260413,19.71360742882892,0.0648506837752123,96.54647752178997,96.67074405932314,0.12426653753317396,4.64919183146333
3-layer SIM (BMI-adaptive),22.0,1.0,8.0,19.77845811260413,19.74134143809183,0.03711667451230127,96.54647752178997,96.60676378373464,0.06028626194466824,6.10609257199156
No intelligent surface,22.0,2.0,8.0,23.112773065990346,7.108257632428528,16.004515433561817,79.28839807429885,65.2747351433207,14.013662930978157,-7.543502951058976
Digital MVDR array (BMI-adaptive),22.0,2.0,8.0,23.112773065990346,23.063032253077036,0.049740812913309895,79.28839807429885,79.33927902865435,0.05088095435549178,5.908512671950255
1-layer RIS (BMI-adaptive),22.0,2.0,8.0,23.112773065990346,23.068209107773235,0.04456395821711112,79.28839807429885,79.08385533634865,0.20454273795020583,2.97888214876908
3-layer SIM (universal),22.0,2.0,8.0,23.112773065990346,23.066878771579987,0.04589429441035975,79.28839807429885,79.31411870514626,0.025720630847402504,5.101498579526462
3-layer SIM (BMI-adaptive),22.0,2.0,8.0,23.112773065990346,23.068395585206673,0.04437748078367321,79.28839807429885,79.27294590510996,0.015452169188890252,5.954094664670002
No intelligent surface,22.0,3.0,8.0,12.290779542520008,12.341521749251157,0.05074220673114915,62.87379628247866,57.57124478621487,5.3025514962637885,-7.543617630232712
Digital MVDR array (BMI-adaptive),22.0,3.0,8.0,12.290779542520008,12.234716408645484,0.056063133874523885,62.87379628247866,62.99772530315925,0.12392902068059186,6.5462018896178495
1-layer RIS (BMI-adaptive),22.0,3.0,8.0,12.290779542520008,12.241813242215361,0.04896630030464699,62.87379628247866,63.09741790831754,0.2236216258388808,3.6949359771287336
3-layer SIM (universal),22.0,3.0,8.0,12.290779542520008,12.240735281551963,0.05004426096804515,62.87379628247866,62.903383549471,0.02958726699234404,5.261403045804784
3-layer SIM (BMI-adaptive),22.0,3.0,8.0,12.290779542520008,12.23639365487251,0.05438588764749852,62.87379628247866,62.981621815397624,0.1078255329189659,6.548109343939398
No intelligent surface,22.0,4.0,8.0,24.49655674546339,9.006204949152881,15.49035179631051,71.05932279887321,45.91245987291997,25.146862925953243,-7.543799767162782
Digital MVDR array (BMI-adaptive),22.0,4.0,8.0,24.49655674546339,24.415101965388814,0.0814547800745764,71.05932279887321,51.584090686961915,19.475232111911296,2.347723212179441
1-layer RIS (BMI-adaptive),22.0,4.0,8.0,24.49655674546339,24.428818101094027,0.0677386443693635,71.05932279887321,70.79703691892745,0.2622858799457646,0.4696183441327035
3-layer SIM (universal),22.0,4.0,8.0,24.49655674546339,24.546351145382268,0.04979439991887702,71.05932279887321,50.26924017554132,20.79008262333189,0.6926849621112838
3-layer SIM (BMI-adaptive),22.0,4.0,8.0,24.49655674546339,24.48157587494298,0.01498087052041086,71.05932279887321,70.90147741676779,0.1578453821054211,1.87006792212117
No intelligent surface,22.0,5.0,8.0,20.019028532045603,5.040608171923849,14.978420360121753,58.92963077624817,47.92538439301992,11.00424638322825,-7.5435274871991655
Digital MVDR array (BMI-adaptive),22.0,5.0,8.0,20.019028532045603,19.96279649421216,0.05623203783344266,58.92963077624817,59.00691998444883,0.07728920820066065,6.459288964384236
1-layer RIS (BMI-adaptive),22.0,5.0,8.0,20.019028532045603,19.96413826302532,0.05489026902028371,58.92963077624817,58.7207844614389,0.2088463148092643,3.642948849212418
3-layer SIM (universal),22.0,5.0,8.0,20.019028532045603,19.965103270116995,0.05392526192860814,58.92963077624817,58.896191374104184,0.03343940214398344,4.559328173220678
3-layer SIM (BMI-adaptive),22.0,5.0,8.0,20.019028532045603,19.967001564176762,0.05202696786884076,58.92963077624817,58.85354956037379,0.07608121587437466,6.293203532069852
No intelligent surface,22.0,6.0,8.0,21.45818458377225,3.6772609416618556,17.780923642110395,89.60762128507243,58.1625856472026,31.44503563786983,-7.5435348956932575
Digital MVDR array (BMI-adaptive),22.0,6.0,8.0,21.45818458377225,21.409131072973427,0.04905351079882436,89.60762128507243,89.47381868374958,0.1338026013228415,6.156669887951912
1-layer RIS (BMI-adaptive),22.0,6.0,8.0,21.45818458377225,21.42381528104634,0.03436930272590999,89.60762128507243,89.73001539633123,0.1223941112587994,3.399490041659085
3-layer SIM (universal),22.0,6.0,8.0,21.45818458377225,21.39979389402658,0.05839068974567141,89.60762128507243,89.39058967238289,0.21703161268953863,3.720362214833324
3-layer SIM (BMI-adaptive),22.0,6.0,8.0,21.45818458377225,21.41529648204411,0.04288810172814195,89.60762128507243,89.71597902977105,0.10835774469862258,5.856149393115776
No intelligent surface,22.0,7.0,8.0,16.651904672900198,4.565912047982485,12.085992624917713,98.85325310722482,67.06565762769839,31.78759547952643,-7.543414917469394
Digital MVDR array (BMI-adaptive),22.0,7.0,8.0,16.651904672900198,16.63372139564342,0.01818327725677804,98.85325310722482,98.74121745447314,0.11203565275167193,5.9914347614315355
1-layer RIS (BMI-adaptive),22.0,7.0,8.0,16.651904672900198,16.60305725629494,0.04884741660525904,98.85325310722482,99.01005620206539,0.1568030948405692,3.118988186944561
3-layer SIM (universal),22.0,7.0,8.0,16.651904672900198,16.59374520223704,0.0581594706631563,98.85325310722482,98.7459872985435,0.10726580868131919,4.1430690578535
3-layer SIM (BMI-adaptive),22.0,7.0,8.0,16.651904672900198,16.606360060227416,0.045544612672781426,98.85325310722482,98.86994414272765,0.016691035502830687,5.741824191553148
No intelligent surface,22.0,8.0,8.0,24.167698953589568,6.627505856899671,17.540193096689897,87.91422260085596,47.21722483762144,40.69699776323453,-7.54348179166885
Digital MVDR array (BMI-adaptive),22.0,8.0,8.0,24.167698953589568,24.10700183819778,0.06069711539178613,87.91422260085596,87.94962049182587,0.035397890969903756,6.475794652660321
1-layer RIS (BMI-adaptive),22.0,8.0,8.0,24.167698953589568,24.10692329282809,0.06077566076147889,87.91422260085596,87.97519869281007,0.06097609195410314,3.576840215768553
3-layer SIM (universal),22.0,8.0,8.0,24.167698953589568,24.107118182746305,0.060580770843262854,87.91422260085596,87.71524876530034,0.19897383555561987,4.987877921631964
3-layer SIM (BMI-adaptive),22.0,8.0,8.0,24.167698953589568,24.12146868367874,0.046230269910829236,87.91422260085596,87.9206130261311,0.006390425275128564,6.382313838489199
No intelligent surface,22.0,9.0,8.0,16.76661890501842,4.500481643308726,12.266137261709693,71.97856718861588,57.135558921222895,14.843008267392989,-7.544298983819136
Digital MVDR array (BMI-adaptive),22.0,9.0,8.0,16.76661890501842,16.723958184154053,0.04266072086436523,71.97856718861588,71.7199279818533,0.2586392067625809,5.841520555957386
1-layer RIS (BMI-adaptive),22.0,9.0,8.0,16.76661890501842,16.713610066624543,0.05300883839387538,71.97856718861588,72.03234217756909,0.05377498895320798,3.3685267646752437
3-layer SIM (universal),22.0,9.0,8.0,16.76661890501842,16.74395905840617,0.022659846612249623,71.97856718861588,71.98212702165056,0.0035598330346715557,5.098389176823039
3-layer SIM (BMI-adaptive),22.0,9.0,8.0,16.76661890501842,16.720103779259183,0.04651512575923533,71.97856718861588,71.9099433784459,0.06862381016998143,6.103259852702854
No intelligent surface,26.0,0.0,8.0,22.23198328925191,22.254488285262,0.022504996010088263,84.08738116663727,50.22237658368491,33.86500458295236,-8.750032626059731
Digital MVDR array (BMI-adaptive),26.0,0.0,8.0,22.23198328925191,22.18717968196158,0.04480360729032995,84.08738116663727,84.08374197175887,0.0036391948784029182,7.407358404610994
1-layer RIS (BMI-adaptive),26.0,0.0,8.0,22.23198328925191,22.178333178420065,0.05365011083184612,84.08738116663727,84.0175731030506,0.06980806358667735,4.173304022970789
3-layer SIM (universal),26.0,0.0,8.0,22.23198328925191,22.191512486243138,0.04047080300877326,84.08738116663727,84.15783233367188,0.07045116703460508,6.680070824734866
3-layer SIM (BMI-adaptive),26.0,0.0,8.0,22.23198328925191,22.190214958076226,0.04176833117568535,84.08738116663727,84.13863718663785,0.05125602000057938,7.456125750259034
No intelligent surface,26.0,1.0,8.0,23.493655748717025,6.646175095940832,16.84748065277619,61.999604990424196,55.5286110529739,6.470993937450295,-8.75015515532078
Digital MVDR array (BMI-adaptive),26.0,1.0,8.0,23.493655748717025,23.442556716635792,0.051099032081232565,61.999604990424196,61.870388744224286,0.1292162461999098,7.561424995881979
1-layer RIS (BMI-adaptive),26.0,1.0,8.0,23.493655748717025,23.444857166355295,0.04879858236173007,61.999604990424196,61.92441429896419,0.07519069146000845,4.327972461761754
3-layer SIM (universal),26.0,1.0,8.0,23.493655748717025,23.438432686235956,0.05522306248106901,61.999604990424196,61.82497017900704,0.17463481141715675,7.135450577652259
3-layer SIM (BMI-adaptive),26.0,1.0,8.0,23.493655748717025,23.439822600369165,0.05383314834785935,61.999604990424196,61.8248659089394,0.17473908148479467,7.607097714356365
No intelligent surface,26.0,2.0,8.0,11.310574622241075,12.837954704681477,1.527380082440402,88.3873133258477,50.682975193246065,37.704338132601634,-8.749780545081556
Digital MVDR array (BMI-adaptive),26.0,2.0,8.0,11.310574622241075,11.25558779145527,0.05498683078580591,88.3873133258477,88.28480571604887,0.10250760979883466,7.494578902134363
1-layer RIS (BMI-adaptive),26.0,2.0,8.0,11.310574622241075,11.259262078780347,0.05131254346072822,88.3873133258477,88.21866515647758,0.1686481693701154,4.082204805038086
3-layer SIM (universal),26.0,2.0,8.0,11.310574622241075,11.258095177403733,0.052479444837342015,88.3873133258477,88.37485610641633,0.012457219431368571,6.747183291706981
3-layer SIM (BMI-adaptive),26.0,2.0,8.0,11.310574622241075,11.257783789207277,0.05279083303379828,88.3873133258477,88.34471207535609,0.04260125049161445,7.509749352498604
No intelligent surface,26.0,3.0,8.0,17.935803916443007,6.692416824471111,11.243387091971897,57.739453395175765,73.51310841904383,15.773655023868066,-8.749597884991068
Digital MVDR array (BMI-adaptive),26.0,3.0,8.0,17.935803916443007,17.88606173462391,0.049742181819095066,57.739453395175765,57.60315919710666,0.13629419806910192,7.663423912473445
1-layer RIS (BMI-adaptive),26.0,3.0,8.0,17.935803916443007,17.89656191324613,0.03924200319687543,57.739453395175765,57.626559121989764,0.11289427318600076,4.069525408043381
3-layer SIM (universal),26.0,3.0,8.0,17.935803916443007,17.881539505606014,0.05426441083699274,57.739453395175765,57.669594343298975,0.06985905187679009,7.1223687002219
3-layer SIM (BMI-adaptive),26.0,3.0,8.0,17.935803916443007,17.88351533899984,0.05228857744316784,57.739453395175765,57.63946979778507,0.09998359739069684,7.624001632909044
No intelligent surface,26.0,4.0,8.0,22.8923610239086,6.145551051757015,16.746809972151585,77.60653943797969,50.85059990955776,26.755939528421933,-8.749820973924853
Digital MVDR array (BMI-adaptive),26.0,4.0,8.0,22.8923610239086,22.841817282252293,0.050543741656305485,77.60653943797969,77.74635641408238,0.1398169761026935,7.728311765790279
1-layer RIS (BMI-adaptive),26.0,4.0,8.0,22.8923610239086,22.838004786200184,0.05435623770841502,77.60653943797969,77.75695921881871,0.15041978083901597,4.266408255490159
3-layer SIM (universal),26.0,4.0,8.0,22.8923610239086,22.845686903769618,0.04667412013898087,77.60653943797969,77.7432427540167,0.13670331603701413,7.29686602918049
3-layer SIM (BMI-adaptive),26.0,4.0,8.0,22.8923610239086,22.84527004789861,0.047090976009990015,77.60653943797969,77.69178776377434,0.08524832579465169,7.725116876119149
No intelligent surface,26.0,5.0,8.0,25.036332148178335,12.332906384019086,12.703425764159249,94.37076166696549,80.83513928394768,13.53562238301781,-8.749757265300135
Digital MVDR array (BMI-adaptive),26.0,5.0,8.0,25.036332148178335,24.992393261686153,0.043938886492181695,94.37076166696549,94.34097477070199,0.02978689626350217,7.689710331005121
1-layer RIS (BMI-adaptive),26.0,5.0,8.0,25.036332148178335,24.990904599202622,0.045427548975712995,94.37076166696549,94.33904050611898,0.03172116084651577,4.2301071664943
3-layer SIM (universal),26.0,5.0,8.0,25.036332148178335,24.992630304973176,0.04370184320515946,94.37076166696549,94.33470138017742,0.036060286788071494,7.148035532601
3-layer SIM (BMI-adaptive),26.0,5.0,8.0,25.036332148178335,24.992752842508622,0.04357930566971291,94.37076166696549,94.33575184155056,0.035009825414931584,7.690171651791928
No intelligent surface,26.0,6.0,8.0,18.410459759978938,9.381861876010086,9.028597883968851,79.0966263825435,47.24889416982549,31.847732212718014,-8.749734152815112
Digital MVDR array (BMI-adaptive),26.0,6.0,8.0,18.410459759978938,18.36122447597102,0.0492352840079171,79.0966263825435,79.0318032038073,0.06482317873620502,7.2407347954861
1-layer RIS (BMI-adaptive),26.0,6.0,8.0,18.410459759978938,18.362366749247595,0.048093010731342645,79.0966263825435,79.36550361524515,0.2688772327016409,3.766692184019324
3-layer SIM (universal),26.0,6.0,8.0,18.410459759978938,18.35649234687192,0.05396741310701714,79.0966263825435,78.92906438756397,0.16756199497953617,6.287719258277045
3-layer SIM (BMI-adaptive),26.0,6.0,8.0,18.410459759978938,18.358031535572486,0.05242822440645156,79.0966263825435,78.95290719759221,0.1437191849512942,7.247791622400859
No intelligent surface,26.0,7.0,8.0,13.240223569379989,13.195369608376026,0.04485396100396244,80.86292940725652,50.096257255326165,30.76667215193035,-8.750198503186894
Digital MVDR array (BMI-adaptive),26.0,7.0,8.0,13.240223569379989,13.194028778376865,0.04619479100312418,80.86292940725652,80.80161322884449,0.061316178412027966,7.594705597915986
1-layer RIS (BMI-adaptive),26.0,7.0,8.0,13.240223569379989,13.1931239833794,0.04709958600058961,80.86292940725652,80.7989954202345,0.06393398702201125,4.3136159273669
3-layer SIM (universal),26.0,7.0,8.0,13.240223569379989,13.195159395226677,0.04506417415331221,80.86292940725652,80.84771786390858,0.015211543347930956,7.294644121753273
3-layer SIM (BMI-adaptive),26.0,7.0,8.0,13.240223569379989,13.19521686278018,0.045006706599808766,80.86292940725652,80.84842431694376,0.0145050903127526,7.630211920530795
No intelligent surface,26.0,8.0,8.0,17.4342896516426,17.64377790584378,0.20948825420117956,69.91456218856655,63.15479600094721,6.759766187619341,-8.750022299615095
Digital MVDR array (BMI-adaptive),26.0,8.0,8.0,17.4342896516426,17.395390675447224,0.03889897619537663,69.91456218856655,70.12533704490066,0.21077485633411186,7.353271893755643
1-layer RIS (BMI-adaptive),26.0,8.0,8.0,17.4342896516426,17.392199735400347,0.04208991624225433,69.91456218856655,70.31870999979849,0.40414781123193677,4.118068942285005
3-layer SIM (universal),26.0,8.0,8.0,17.4342896516426,17.394267557439992,0.04002209420260883,69.91456218856655,69.9623504615414,0.04778827297485577,6.55989964260349
3-layer SIM (BMI-adaptive),26.0,8.0,8.0,17.4342896516426,17.3926500286556,0.04163962298700241,69.91456218856655,69.94945590283439,0.03489371426783805,7.402939806317943
No intelligent surface,26.0,9.0,8.0,16.021007377790784,15.815169706268929,0.20583767152185573,64.08547950361088,43.01993656222493,21.065542941385957,-8.750367276329447
Digital MVDR array (BMI-adaptive),26.0,9.0,8.0,16.021007377790784,15.97951518405413,0.041492193736655025,64.08547950361088,64.17345999587522,0.08798049226433591,7.41566637844593
1-layer RIS (BMI-adaptive),26.0,9.0,8.0,16.021007377790784,15.97687919429373,0.04412818349705461,64.08547950361088,64.06675915880146,0.01872034480942375,4.3045391891183575
3-layer SIM (universal),26.0,9.0,8.0,16.021007377790784,15.979028071137147,0.04197930665363714,64.08547950361088,64.1389975470747,0.05351804346381073,7.017060607971759
3-layer SIM (BMI-adaptive),26.0,9.0,8.0,16.021007377790784,15.977082006761513,0.043925371029271076,64.08547950361088,64.12287719807797,0.03739769446708863,7.481988683563713
No intelligent surface,30.0,0.0,8.0,15.168372419575183,3.815533573911136,11.352838845664047,61.594541005246334,54.73064450246965,6.863896502776683,-10.077129866935595
Digital MVDR array (BMI-adaptive),30.0,0.0,8.0,15.168372419575183,15.127871085356059,0.040501334219124274,61.594541005246334,61.47219294308218,0.12234806216415706,9.887781214619013
1-layer RIS (BMI-adaptive),30.0,0.0,8.0,15.168372419575183,15.131154046988755,0.03721837258642857,61.594541005246334,61.38606963884021,0.20847136640612263,6.036570556125325
3-layer SIM (universal),30.0,0.0,8.0,15.168372419575183,15.130023819267844,0.038348600307339,61.594541005246334,61.494453671685264,0.10008733356107058,9.48852421457747
3-layer SIM (BMI-adaptive),30.0,0.0,8.0,15.168372419575183,15.129130615141369,0.03924180443381431,61.594541005246334,61.51725967501393,0.07728133023240247,9.865205238274608
No intelligent surface,30.0,1.0,8.0,14.41515827136859,5.654287632866921,8.760870638501668,87.46804233378418,48.49774209026174,38.970300243522445,-10.07707448844997
Digital MVDR array (BMI-adaptive),30.0,1.0,8.0,14.41515827136859,14.369633504835349,0.04552476653324078,87.46804233378418,87.46499046651996,0.0030518672642187994,9.917129489574975
1-layer RIS (BMI-adaptive),30.0,1.0,8.0,14.41515827136859,14.368610520322992,0.04654775104559761,87.46804233378418,87.46083390921825,0.007208424565931182,6.047148321601473
3-layer SIM (universal),30.0,1.0,8.0,14.41515827136859,14.370358907405985,0.0447993639626052,87.46804233378418,87.45716919331663,0.010873140467552389,9.535733634535811
3-layer SIM (BMI-adaptive),30.0,1.0,8.0,14.41515827136859,14.369549083778601,0.045609187589988665,87.46804233378418,87.44864724802011,0.019395085764074338,9.902402382523345
No intelligent surface,30.0,2.0,8.0,12.406962897387531,-29.250774965540696,41.65773786292823,95.58642156287789,48.18034285589055,47.40607870698734,-10.077027332892289
Digital MVDR array (BMI-adaptive),30.0,2.0,8.0,12.406962897387531,12.35821674740476,0.048746149982770604,95.58642156287789,95.76014361901771,0.17372205613982317,9.958548245607307
1-layer RIS (BMI-adaptive),30.0,2.0,8.0,12.406962897387531,12.358475478844241,0.04848741854329042,95.58642156287789,95.85570076734597,0.2692792044680772,6.0667106943875035
3-layer SIM (universal),30.0,2.0,8.0,12.406962897387531,12.361075883676099,0.045887013711432445,95.58642156287789,95.6439948056909,0.057573242813006686,9.59130454571208
3-layer SIM (BMI-adaptive),30.0,2.0,8.0,12.406962897387531,12.360867009145762,0.046095888241769245,95.58642156287789,95.6075738046268,0.02115224174890784,9.949684035977574
No intelligent surface,30.0,3.0,8.0,21.468413552206002,7.139830183202182,14.32858336900382,71.34411402301953,68.11145005949467,3.232663963524857,-10.077680122943386
Digital MVDR array (BMI-adaptive),30.0,3.0,8.0,21.468413552206002,21.42704307160219,0.04137048060381332,71.34411402301953,71.4057586474817,0.06164462446217556,9.87567536629162
1-layer RIS (BMI-adaptive),30.0,3.0,8.0,21.468413552206002,21.429083995744918,0.039329556461083826,71.34411402301953,71.45817216106038,0.1140581380408463,6.090510572526561
3-layer SIM (universal),30.0,3.0,8.0,21.468413552206002,21.42926132561722,0.039152226588782923,71.34411402301953,71.41303410597031,0.06892008295078256,9.300521578758309
3-layer SIM (BMI-adaptive),30.0,3.0,8.0,21.468413552206002,21.427156152451253,0.04125739975474829,71.34411402301953,71.45983456898898,0.11572054596945236,9.760211298541922
No intelligent surface,30.0,4.0,8.0,20.482862552442906,6.382522947224861,14.100339605218046,76.18966072166481,55.50910632345673,20.68055439820808,-10.07698589727497
Digital MVDR array (BMI-adaptive),30.0,4.0,8.0,20.482862552442906,20.43667073146434,0.04619182097856722,76.18966072166481,76.16707405370273,0.022586667962073648,10.17126753339374
1-layer RIS (BMI-adaptive),30.0,4.0,8.0,20.482862552442906,20.43776546314239,0.04509708930051559,76.18966072166481,76.1031234103587,0.08653731130610254,6.14103674898781
3-layer SIM (universal),30.0,4.0,8.0,20.482862552442906,20.436203272806285,0.04665927963662142,76.18966072166481,76.24465435480725,0.054993633142444764,9.816243596308706
3-layer SIM (BMI-adaptive),30.0,4.0,8.0,20.482862552442906,20.437260170871554,0.04560238157135288,76.18966072166481,76.2498774580676,0.06021673640279346,10.177111067026367
No intelligent surface,30.0,5.0,8.0,19.551757526634606,5.097592624172664,14.454164902461942,66.07793010798214,54.359585119985304,11.718344987996836,-10.077410914774019
Digital MVDR array (BMI-adaptive),30.0,5.0,8.0,19.551757526634606,19.50500526355878,0.04675226307582747,66.07793010798214,66.08160103034363,0.003670922361493467,9.7795541254201
1-layer RIS (BMI-adaptive),30.0,5.0,8.0,19.551757526634606,19.50621622465443,0.04554130198017603,66.07793010798214,66.08983350335048,0.011903395368335623,6.000155851442802
3-layer SIM (universal),30.0,5.0,8.0,19.551757526634606,19.501962242822266,0.04979528381234033,66.07793010798214,66.07383185339667,0.00409825458547175,9.288848999989117
3-layer SIM (BMI-adaptive),30.0,5.0,8.0,19.551757526634606,19.501330206165804,0.050427320468802606,66.07793010798214,66.06774577765951,0.01018433032263033,9.71596172451989
No intelligent surface,30.0,6.0,8.0,13.760821754114778,13.782789543702084,0.02196778958730583,92.06487692300998,62.526411740204374,29.538465182805602,-10.076624262517358
Digital MVDR array (BMI-adaptive),30.0,6.0,8.0,13.760821754114778,13.712490202643274,0.04833155147150414,92.06487692300998,92.01850022579873,0.04637669721124382,9.46252080809069
1-layer RIS (BMI-adaptive),30.0,6.0,8.0,13.760821754114778,13.70981851038442,0.05100324373035825,92.06487692300998,92.06576067672393,0.0008837537139498863,5.528951317379061
3-layer SIM (universal),30.0,6.0,8.0,13.760821754114778,13.715268879685187,0.04555287442959077,92.06487692300998,92.05743052580144,0.007446397208539679,9.307443218378872
3-layer SIM (BMI-adaptive),30.0,6.0,8.0,13.760821754114778,13.716685895500357,0.04413585861442115,92.06487692300998,92.08614702534862,0.021270102338647234,9.57637170556608
No intelligent surface,30.0,7.0,8.0,21.449512148439986,0.9226200029594445,20.52689214548054,71.14337651443914,48.53256284258668,22.610813671852462,-10.077770501961814
Digital MVDR array (BMI-adaptive),30.0,7.0,8.0,21.449512148439986,21.402736711524152,0.046775436915833524,71.14337651443914,71.09478364807791,0.04859286636123272,9.690136344842404
1-layer RIS (BMI-adaptive),30.0,7.0,8.0,21.449512148439986,21.40227660612456,0.047235542315426926,71.14337651443914,71.07439553368587,0.06898098075326686,5.9691138106676345
3-layer SIM (universal),30.0,7.0,8.0,21.449512148439986,21.40125805453532,0.04825409390466717,71.14337651443914,71.11990945863306,0.023467055806079884,9.088305453823086
3-layer SIM (BMI-adaptive),30.0,7.0,8.0,21.449512148439986,21.400534226131228,0.04897792230875808,71.14337651443914,71.10182834508365,0.04154816935549377,9.571585824936905
No intelligent surface,30.0,8.0,8.0,16.12614896270867,14.986044951383203,1.140104011325466,71.59700166244792,65.63320622552894,5.963795436918986,-10.077380156639503
Digital MVDR array (BMI-adaptive),30.0,8.0,8.0,16.12614896270867,16.081761140017672,0.044387822690996614,71.59700166244792,71.68494431634853,0.08794265390061184,9.746398479137994
1-layer RIS (BMI-adaptive),30.0,8.0,8.0,16.12614896270867,16.08273442560688,0.04341453710178911,71.59700166244792,71.70263172383979,0.1056300613918637,5.97207329842138
3-layer SIM (universal),30.0,8.0,8.0,16.12614896270867,16.082504893484938,0.04364406922373121,71.59700166244792,71.66542066413116,0.06841900168323889,9.267349406890254
3-layer SIM (BMI-adaptive),30.0,8.0,8.0,16.12614896270867,16.081284682768803,0.044864279939865526,71.59700166244792,71.62247602922803,0.025474366780102287,9.690619768492768
No intelligent surface,30.0,9.0,8.0,20.88777932447427,6.631840879804376,14.255938444669894,79.21148225693433,68.95700704460212,10.25447521233221,-10.07767766522604
Digital MVDR array (BMI-adaptive),30.0,9.0,8.0,20.88777932447427,20.83974515801622,0.04803416645804859,79.21148225693433,79.28266268538866,0.07118042845432626,10.139429893500251
1-layer RIS (BMI-adaptive),30.0,9.0,8.0,20.88777932447427,20.83981222146035,0.04796710301392082,79.21148225693433,79.3033762937637,0.09189403682937325,6.251245762275576
3-layer SIM (universal),30.0,9.0,8.0,20.88777932447427,20.838368590289807,0.04941073418446251,79.21148225693433,79.19563826451106,0.015843992423270947,9.572940892030989
3-layer SIM (BMI-adaptive),30.0,9.0,8.0,20.88777932447427,20.838886538906127,0.04889278556814247,79.21148225693433,79.16850116206558,0.04298109486875035,10.015014563849846
No intelligent surface,34.0,0.0,8.0,22.716799425642268,12.161875814529566,10.554923611112702,67.34157018035957,57.23307439333007,10.108495787029497,-11.663822638257725
Digital MVDR array (BMI-adaptive),34.0,0.0,8.0,22.716799425642268,22.67011765781176,0.04668176783050981,67.34157018035957,67.27645658870259,0.06511359165698138,11.725327117438624
1-layer RIS (BMI-adaptive),34.0,0.0,8.0,22.716799425642268,22.6711698480462,0.045629577596066895,67.34157018035957,67.26793167222695,0.07363850813261763,7.70162780131364
3-layer SIM (universal),34.0,0.0,8.0,22.716799425642268,22.670836529380463,0.0459628962618055,67.34157018035957,67.30374487815367,0.037825302205902744,11.08948453845798
3-layer SIM (BMI-adaptive),34.0,0.0,8.0,22.716799425642268,22.671335604704574,0.04546382093769452,67.34157018035957,67.38723081710577,0.045660636746205796,11.715839800605536
No intelligent surface,34.0,1.0,8.0,11.369361496262783,7.459272155472152,3.9100893407906314,74.5236852806805,68.12696433750138,6.396720943179119,-11.663830685469701
Digital MVDR array (BMI-adaptive),34.0,1.0,8.0,11.369361496262783,11.323590038767872,0.045771457494911516,74.5236852806805,74.66636010596963,0.14267482528913433,11.698075640806323
1-layer RIS (BMI-adaptive),34.0,1.0,8.0,11.369361496262783,11.325794269444934,0.0435672268178493,74.5236852806805,74.736072234772,0.21238695409149955,7.68931537338001
3-layer SIM (universal),34.0,1.0,8.0,11.369361496262783,11.32437296996336,0.044988526299423626,74.5236852806805,74.65299736743884,0.12931208675834682,11.054212996728667
3-layer SIM (BMI-adaptive),34.0,1.0,8.0,11.369361496262783,11.32643602170637,0.042925474556414045,74.5236852806805,74.56676445445332,0.04307917377282422,11.693134985472241
No intelligent surface,34.0,2.0,8.0,22.55567485319779,9.41934230075914,13.136332552438649,76.70852768814558,77.67074262786046,0.9622149397148831,-11.663699165820107
Digital MVDR array (BMI-adaptive),34.0,2.0,8.0,22.55567485319779,22.512049279288657,0.04362557390913224,76.70852768814558,76.75482338335728,0.04629569521169685,11.673183139559205
1-layer RIS (BMI-adaptive),34.0,2.0,8.0,22.55567485319779,22.512562652512596,0.043112200685193613,76.70852768814558,76.77865906827705,0.07013138013147113,7.540493260890041
3-layer SIM (universal),34.0,2.0,8.0,22.55567485319779,22.508619382165186,0.047055471032603435,76.70852768814558,76.72239352595979,0.013865837814208248,11.161191012937559
3-layer SIM (BMI-adaptive),34.0,2.0,8.0,22.55567485319779,22.507671883288662,0.04800296990912756,76.70852768814558,76.66151628384358,0.04701140430199757,11.614146995765886
No intelligent surface,34.0,3.0,8.0,21.27273075464637,3.4844959830739666,17.788234771572405,67.39697028853722,47.03055201057286,20.366418277964357,-11.6637388219497
Digital MVDR array (BMI-adaptive),34.0,3.0,8.0,21.27273075464637,21.22433888773118,0.048391866915192594,67.39697028853722,67.52977184535436,0.13280155681714234,10.865930124796552
1-layer RIS (BMI-adaptive),34.0,3.0,8.0,21.27273075464637,21.224711991913505,0.048018762732866094,67.39697028853722,67.57653617905538,0.17956589051816252,6.932382903502914
3-layer SIM (universal),34.0,3.0,8.0,21.27273075464637,21.229170891960564,0.04355986268580736,67.39697028853722,67.55643886316042,0.15946857462320452,10.410171282102205
3-layer SIM (BMI-adaptive),34.0,3.0,8.0,21.27273075464637,21.229675287045996,0.04305546760037515,67.39697028853722,67.47369936354256,0.0767290750053462,10.826716800456165
No intelligent surface,34.0,4.0,8.0,22.95812670172821,13.715665685454928,9.242461016273284,59.87074185209833,63.58752213672404,3.716780284625713,-11.663630662959674
Digital MVDR array (BMI-adaptive),34.0,4.0,8.0,22.95812670172821,22.908158408778178,0.0499682929500338,59.87074185209833,59.87007962881575,0.0006622232825748142,11.727708227576613
1-layer RIS (BMI-adaptive),34.0,4.0,8.0,22.95812670172821,22.908218894840452,0.04990780688775942,59.87074185209833,59.83298556332652,0.03775628877180992,7.5945236238815745
3-layer SIM (universal),34.0,4.0,8.0,22.95812670172821,22.91177697645206,0.04634972527615133,59.87074185209833,59.84458406677768,0.02615778532064894,11.170996989419184
3-layer SIM (BMI-adaptive),34.0,4.0,8.0,22.95812670172821,22.91456952214601,0.0435571795822014,59.87074185209833,59.841018752781395,0.029723099316932178,11.667187633087565
No intelligent surface,34.0,5.0,8.0,10.991904997979931,7.493926475501968,3.497978522477964,67.17233495734078,50.7573916966718,16.414943260668977,-11.663791551224602
Digital MVDR array (BMI-adaptive),34.0,5.0,8.0,10.991904997979931,10.93853654738577,0.05336845059416184,67.17233495734078,67.22943426783077,0.0570993104899884,11.218205456107933
1-layer RIS (BMI-adaptive),34.0,5.0,8.0,10.991904997979931,10.936104575368525,0.05580042261140683,67.17233495734078,67.32850684838094,0.1561718910401595,7.23292028327701
3-layer SIM (universal),34.0,5.0,8.0,10.991904997979931,10.944073055457759,0.04783194252217271,67.17233495734078,67.18817900282353,0.015844045482751312,10.719377260848194
3-layer SIM (BMI-adaptive),34.0,5.0,8.0,10.991904997979931,10.949311342887741,0.042593655092190374,67.17233495734078,67.24574303523684,0.07340807789606174,11.184720618585304
No intelligent surface,34.0,6.0,8.0,22.26849265143075,21.827798231200827,0.44069442022992433,93.1494676305784,71.53616494552215,21.613302685056254,-11.663708708251262
Digital MVDR array (BMI-adaptive),34.0,6.0,8.0,22.26849265143075,22.22257245623003,0.04592019520072199,93.1494676305784,93.11278320524104,0.03668442533735572,11.483179827574766
1-layer RIS (BMI-adaptive),34.0,6.0,8.0,22.26849265143075,22.222942217048026,0.04555043438272577,93.1494676305784,93.09611542872412,0.053352201854281134,7.383136659689111
3-layer SIM (universal),34.0,6.0,8.0,22.26849265143075,22.22110541782709,0.04738723360366137,93.1494676305784,93.14185049792711,0.0076171326512906035,11.002989505518542
3-layer SIM (BMI-adaptive),34.0,6.0,8.0,22.26849265143075,22.220137026695483,0.048355624735268776,93.1494676305784,93.18697010778955,0.037502477211148744,11.424583730190172
No intelligent surface,34.0,7.0,8.0,18.549843418487907,5.995316646529772,12.554526771958134,79.46282092464934,51.40173469985962,28.06108622478972,-11.663704251463615
Digital MVDR array (BMI-adaptive),34.0,7.0,8.0,18.549843418487907,18.505435403101686,0.04440801538622097,79.46282092464934,79.55928242531843,0.09646150066909343,11.736849872988675
1-layer RIS (BMI-adaptive),34.0,7.0,8.0,18.549843418487907,18.50459695698245,0.04524646150545664,79.46282092464934,79.66753237076838,0.2047114461190489,7.6065399462158165
3-layer SIM (universal),34.0,7.0,8.0,18.549843418487907,18.502100429536526,0.04774298895138074,79.46282092464934,79.57658169448429,0.11376076983495409,11.19995064083973
3-layer SIM (BMI-adaptive),34.0,7.0,8.0,18.549843418487907,18.50080330871643,0.049040109771475215,79.46282092464934,79.53309130572207,0.07027038107273142,11.682212749369885
No intelligent surface,34.0,8.0,8.0,16.729984135723573,8.624426019133018,8.105558116590554,96.44041746907035,76.95259561308798,19.487821855982375,-11.663793855891026
Digital MVDR array (BMI-adaptive),34.0,8.0,8.0,16.729984135723573,16.684255657016543,0.04572847870703001,96.44041746907035,96.43256819806001,0.007849271010343273,10.826383006601317
1-layer RIS (BMI-adaptive),34.0,8.0,8.0,16.729984135723573,16.68596130529378,0.04402283042979249,96.44041746907035,96.42219707100946,0.018220398060890375,7.124480874379574
3-layer SIM (universal),34.0,8.0,8.0,16.729984135723573,16.684305807978237,0.04567832774533542,96.44041746907035,96.43960393286953,0.0008135362008232505,10.077574821250511
3-layer SIM (BMI-adaptive),34.0,8.0,8.0,16.729984135723573,16.68323820235147,0.04674593337210453,96.44041746907035,96.42783873217284,0.012578736897509657,10.878939504024492
No intelligent surface,34.0,9.0,8.0,13.5939433342142,6.356112725067863,7.237830609146338,63.54260206456321,51.2124342577326,12.330167806830609,-11.663562149944234
Digital MVDR array (BMI-adaptive),34.0,9.0,8.0,13.5939433342142,13.547085189662518,0.04685814455168291,63.54260206456321,63.577524700319415,0.034922635756203135,11.009335893306964
1-layer RIS (BMI-adaptive),34.0,9.0,8.0,13.5939433342142,13.545944839189486,0.047998495024714316,63.54260206456321,63.6330133418615,0.09041127729828702,6.936369968626519
3-layer SIM (universal),34.0,9.0,8.0,13.5939433342142,13.545520080605344,0.04842325360885624,63.54260206456321,63.55592450455687,0.013322439993658008,10.605408787435742
3-layer SIM (BMI-adaptive),34.0,9.0,8.0,13.5939433342142,13.544820383392722,0.049122950821478994,63.54260206456321,63.545107982709126,0.0025059181459141655,10.929913990117573
No intelligent surface,38.0,0.0,8.0,23.49830660014284,28.200805735397413,4.702499135254573,76.11351813490668,82.85554318802434,6.742025053117658,-13.76016708832182
Digital MVDR array (BMI-adaptive),38.0,0.0,8.0,23.49830660014284,23.447410555157408,0.0508960449854321,76.11351813490668,76.08993354764036,0.023584587266327617,12.530718866957027
1-layer RIS (BMI-adaptive),38.0,0.0,8.0,23.49830660014284,23.44681482195131,0.05149177819152939,76.11351813490668,76.07226828763822,0.04124984726846037,8.412635477794394
3-layer SIM (universal),38.0,0.0,8.0,23.49830660014284,23.449266491968427,0.04904010817441318,76.11351813490668,76.08466914950884,0.028848985397843308,11.500813365354173
3-layer SIM (BMI-adaptive),38.0,0.0,8.0,23.49830660014284,23.45169446910484,0.04661213103799966,76.11351813490668,76.08762514100275,0.025892993903937622,12.515803292565042
No intelligent surface,38.0,1.0,8.0,24.403402282884354,9.187874536336496,15.215527746547858,65.93688311734017,62.26153840727343,3.675344710066746,-13.75811392149371
Digital MVDR array (BMI-adaptive),38.0,1.0,8.0,24.403402282884354,24.359456036500408,0.043946246383946175,65.93688311734017,65.9071739566614,0.02970916067877738,12.430977384853783
1-layer RIS (BMI-adaptive),38.0,1.0,8.0,24.403402282884354,24.355549900654133,0.04785238223022148,65.93688311734017,65.87692015145265,0.05996296588752159,8.309313731790413
3-layer SIM (universal),38.0,1.0,8.0,24.403402282884354,24.35300364156699,0.050398641317364934,65.93688311734017,65.91170571857077,0.02517739876940084,10.914446240519165
3-layer SIM (BMI-adaptive),38.0,1.0,8.0,24.403402282884354,24.352118961786378,0.0512833210979764,65.93688311734017,65.9471073999984,0.01022428265822839,12.343241654342272
No intelligent surface,38.0,2.0,8.0,13.254812066461414,10.46413298338099,2.7906790830804233,68.02803275512323,54.059855899640205,13.96817685548303,-13.760334474445852
Digital MVDR array (BMI-adaptive),38.0,2.0,8.0,13.254812066461414,13.205688193639832,0.049123872821581926,68.02803275512323,68.13688910164242,0.10885634651918963,12.449907404664105
1-layer RIS (BMI-adaptive),38.0,2.0,8.0,13.254812066461414,13.20657805206722,0.04823401439419328,68.02803275512323,68.19275091675655,0.1647181616333171,8.324784369641677
3-layer SIM (universal),38.0,2.0,8.0,13.254812066461414,13.209492281079681,0.0453197853817322,68.02803275512323,68.058776340291,0.030743585167769538,11.406449192501233
3-layer SIM (BMI-adaptive),38.0,2.0,8.0,13.254812066461414,13.209417187695768,0.045394878765645075,68.02803275512323,68.05267828964028,0.024645534517048873,12.414307230390449
No intelligent surface,38.0,3.0,8.0,14.151100995158489,6.854120628687424,7.296980366471065,70.81997297197843,74.4248516508184,3.6048786788399667,-13.758227658298473
Digital MVDR array (BMI-adaptive),38.0,3.0,8.0,14.151100995158489,14.106849788309036,0.044251206849452274,70.81997297197843,70.7947796085713,0.025193363407126412,12.414906305120885
1-layer RIS (BMI-adaptive),38.0,3.0,8.0,14.151100995158489,14.103795104009633,0.04730589114885575,70.81997297197843,70.71266996610441,0.10730300587401587,8.293489912681803
3-layer SIM (universal),38.0,3.0,8.0,14.151100995158489,14.099367683762738,0.05173331139575055,70.81997297197843,70.69236274227703,0.12761022970140345,10.90950132687495
3-layer SIM (BMI-adaptive),38.0,3.0,8.0,14.151100995158489,14.099400954431351,0.05170004072713752,70.81997297197843,70.74095622172047,0.07901675025796351,12.324618425492826
No intelligent surface,38.0,4.0,8.0,14.871166402379313,11.350881975792776,3.520284426586537,60.87924626668498,47.006962978146156,13.872283288538824,-13.759698329179482
Digital MVDR array (BMI-adaptive),38.0,4.0,8.0,14.871166402379313,14.819478692330344,0.05168771004896833,60.87924626668498,60.967789357643,0.08854309095801938,12.50280987042559
1-layer RIS (BMI-adaptive),38.0,4.0,8.0,14.871166402379313,14.816824429295412,0.05434197308390054,60.87924626668498,61.038709690332055,0.15946342364707533,8.379357822017587
3-layer SIM (universal),38.0,4.0,8.0,14.871166402379313,14.822203553802325,0.04896284857698774,60.87924626668498,60.953722066117535,0.07447579943255533,11.293285410171778
3-layer SIM (BMI-adaptive),38.0,4.0,8.0,14.871166402379313,14.82372229473569,0.0474441076436225,60.87924626668498,60.91580327695607,0.03655701027108904,12.453959201897817
No intelligent surface,38.0,5.0,8.0,17.38677103613235,4.313505539856954,13.073265496275397,95.0557082566286,61.63149148928006,33.42421676734855,-13.760019924045787
Digital MVDR array (BMI-adaptive),38.0,5.0,8.0,17.38677103613235,17.34011824025586,0.046652795876493514,95.0557082566286,95.05382676643353,0.0018814901950747753,12.50168453191952
1-layer RIS (BMI-adaptive),38.0,5.0,8.0,17.38677103613235,17.3372457932801,0.04952524285225124,95.0557082566286,94.97634316519182,0.0793650914367845,8.377912669158734
3-layer SIM (universal),38.0,5.0,8.0,17.38677103613235,17.336102008267133,0.05066902786521865,95.0557082566286,94.99986032807864,0.055847928549965786,11.375190347562857
3-layer SIM (BMI-adaptive),38.0,5.0,8.0,17.38677103613235,17.336209723113303,0.05056131301904898,95.0557082566286,94.98655550650572,0.06915275012288191,12.463111969425803
No intelligent surface,38.0,6.0,8.0,13.75979783538263,6.675388137273124,7.084409698109505,65.20951293820782,65.30405074018483,0.09453780197701178,-13.760080938243357
Digital MVDR array (BMI-adaptive),38.0,6.0,8.0,13.75979783538263,13.713648900891016,0.0461489344916135,65.20951293820782,65.15572471073648,0.05378822747134393,12.44152090762637
1-layer RIS (BMI-adaptive),38.0,6.0,8.0,13.75979783538263,13.713612572683262,0.04618526269936751,65.20951293820782,65.11551885450908,0.09399408369874607,8.346576006802225
3-layer SIM (universal),38.0,6.0,8.0,13.75979783538263,13.713631592679626,0.046166242703003846,65.20951293820782,65.1869256946895,0.022587243518316313,11.638073041027335
3-layer SIM (BMI-adaptive),38.0,6.0,8.0,13.75979783538263,13.71307492155609,0.046722913826538814,65.20951293820782,65.20680772707887,0.002705211128954943,12.4741822498574
No intelligent surface,38.0,7.0,8.0,20.667420516462975,-31.74955695727249,52.416977473735464,82.23632654267323,56.232987447466535,26.00333909520669,-13.7602586574379
Digital MVDR array (BMI-adaptive),38.0,7.0,8.0,20.667420516462975,20.616429030773467,0.050991485689507954,82.23632654267323,82.35946336494754,0.12313682227431855,12.298515977832514
1-layer RIS (BMI-adaptive),38.0,7.0,8.0,20.667420516462975,20.6185330216399,0.04888749482307375,82.23632654267323,82.55887526774744,0.3225487250742134,8.18257199256718
3-layer SIM (universal),38.0,7.0,8.0,20.667420516462975,20.620749708534262,0.04667080792871303,82.23632654267323,82.37647880320847,0.14015226053524543,11.558786359317883
3-layer SIM (BMI-adaptive),38.0,7.0,8.0,20.667420516462975,20.62240198902181,0.04501852744116519,82.23632654267323,82.37588924841879,0.1395627057455613,12.313946720892073
No intelligent surface,38.0,8.0,8.0,13.17653194945548,4.762341475081748,8.414190474373733,82.42668758413214,61.61583464953425,20.81085293459789,-13.758889649825978
Digital MVDR array (BMI-adaptive),38.0,8.0,8.0,13.17653194945548,13.131776460984579,0.04475548847090138,82.42668758413214,82.4779573284292,0.051269744297059106,12.443572813229018
1-layer RIS (BMI-adaptive),38.0,8.0,8.0,13.17653194945548,13.133118983048897,0.04341296640658321,82.42668758413214,82.51286934694747,0.08618176281532897,8.321188530762397
3-layer SIM (universal),38.0,8.0,8.0,13.17653194945548,13.13171547548571,0.044816473969770954,82.42668758413214,82.47218684578303,0.04549926165088891,11.053312835060119
3-layer SIM (BMI-adaptive),38.0,8.0,8.0,13.17653194945548,13.130266979676007,0.046264969779473475,82.42668758413214,82.46479510516315,0.03810752103100867,12.366385427889483
No intelligent surface,38.0,9.0,8.0,17.52221202082293,6.318292263017844,11.203919757805085,74.89004632936718,48.014846366480604,26.875199962886576,-13.760039862051311
Digital MVDR array (BMI-adaptive),38.0,9.0,8.0,17.52221202082293,17.47523507908925,0.046976941733682054,74.89004632936718,74.87641123415497,0.013635095212208626,12.479395501867208
1-layer RIS (BMI-adaptive),38.0,9.0,8.0,17.52221202082293,17.472080984978938,0.05013103584399303,74.89004632936718,74.82518996933588,0.06485636003129969,8.354834111748916
3-layer SIM (universal),38.0,9.0,8.0,17.52221202082293,17.471853454441295,0.05035856638163594,74.89004632936718,74.83923156477367,0.050814764593511086,11.34627959572498
3-layer SIM (BMI-adaptive),38.0,9.0,8.0,17.52221202082293,17.471767321366507,0.05044469945642405,74.89004632936718,74.85252723938085,0.03751908998633269,12.435478971917346
